FINESS_Hosp;Geo_Hosp;RegCode;DepCode;PMSIcode;catchmentHosp;PMSIpop;PMSIpopdensity;PMSIcode_Name
690781810 - HOSPICES CIVILS DE LYON;690007539 - HÔPITAL FEMME MERE ENFANT;84;69;69100;16909,1791804679851;154824,26528064150;10546,8240186462535;Villeurbanne
690781810 - HOSPICES CIVILS DE LYON;690007539 - HÔPITAL FEMME MERE ENFANT;84;69;69008;10041,4674060359921;86556,58951018356;12736,4959292201329;Lyon 8e Arrondissement
690781810 - HOSPICES CIVILS DE LYON;690007539 - HÔPITAL FEMME MERE ENFANT;84;69;69003;9645,8989926420272;103435,65588469812;16700,0103789657114;Lyon 3e Arrondissement
690781810 - HOSPICES CIVILS DE LYON;690007539 - HÔPITAL FEMME MERE ENFANT;84;69;69200;7217,1189126513982;66709,19373603330;4234,7859293987267;Vénissieux
690781810 - HOSPICES CIVILS DE LYON;690007539 - HÔPITAL FEMME MERE ENFANT;84;69;69120;7007,0110651988798;50463,25467200193;2359,3713962763577;Vaulx-En-Velin
690781810 - HOSPICES CIVILS DE LYON;690007539 - HÔPITAL FEMME MERE ENFANT;84;69;69800;6550,3196790300808;47356,11035135711;1608,8898448580424;Saint-Priest
690781810 - HOSPICES CIVILS DE LYON;690007539 - HÔPITAL FEMME MERE ENFANT;84;69;69500;6342,5287142679335;42238,81174345858;4254,9306799970000;Bron
690781810 - HOSPICES CIVILS DE LYON;690007539 - HÔPITAL FEMME MERE ENFANT;84;69;69007;6103,8501228759105;84252,05986150241;8773,9357123675745;Lyon 7e Arrondissement
690781810 - HOSPICES CIVILS DE LYON;690007539 - HÔPITAL FEMME MERE ENFANT;84;69;69330;5324,0645558819915;46365,29793814159;820,3227038041476;Meyzieu
690781810 - HOSPICES CIVILS DE LYON;690007539 - HÔPITAL FEMME MERE ENFANT;84;69;69150;3130,8396141902931;28959,47188350386;1694,9913837442011;Décines-Charpieu
690781810 - HOSPICES CIVILS DE LYON;690007539 - HÔPITAL FEMME MERE ENFANT;84;69;69009;2886,6328424991730;52139,76624355732;6502,1914433267784;Lyon 9e Arrondissement
690781810 - HOSPICES CIVILS DE LYON;690007539 - HÔPITAL FEMME MERE ENFANT;84;38;38230;2561,1534674055529;27847,77917898893;849,8421602503786;Charvieu-Chavagneux
690781810 - HOSPICES CIVILS DE LYON;690007539 - HÔPITAL FEMME MERE ENFANT;84;69;69006;2239,8739126340001;52552,21144560511;14340,2654285362569;Lyon 6e Arrondissement
690781810 - HOSPICES CIVILS DE LYON;690007539 - HÔPITAL FEMME MERE ENFANT;84;69;69780;2096,6027632409446;21322,78624964193;461,3172080689744;Mions
690781810 - HOSPICES CIVILS DE LYON;690007539 - HÔPITAL FEMME MERE ENFANT;84;69;69140;1959,4308640841737;31230,65915147573;2087,4329996257493;Rillieux-La-Pape
690781810 - HOSPICES CIVILS DE LYON;690007539 - HÔPITAL FEMME MERE ENFANT;84;69;69190;1896,3422799489688;19187,29821261349;3255,4375434856356;Saint-Fons
690781810 - HOSPICES CIVILS DE LYON;690007539 - HÔPITAL FEMME MERE ENFANT;84;69;69300;1714,7545566658587;43864,30266087250;4188,6165658405798;Caluire-Et-Cuire
690781810 - HOSPICES CIVILS DE LYON;690007539 - HÔPITAL FEMME MERE ENFANT;84;69;69005;1690,8937917924245;49614,84256769021;8433,5611358529586;Lyon 5e Arrondissement
690781810 - HOSPICES CIVILS DE LYON;690007539 - HÔPITAL FEMME MERE ENFANT;84;01;01120;1558,9557804402218;19293,24691224236;206,5533664871067;Montluel
690781810 - HOSPICES CIVILS DE LYON;690007539 - HÔPITAL FEMME MERE ENFANT;84;01;01700;1486,4555843279118;21628,19404648300;454,4693967467319;Miribel
690781810 - HOSPICES CIVILS DE LYON;690007539 - HÔPITAL FEMME MERE ENFANT;84;69;69002;1412,4428916034285;31104,39193328485;8992,8717509265116;Lyon 2e Arrondissement
690781810 - HOSPICES CIVILS DE LYON;690007539 - HÔPITAL FEMME MERE ENFANT;84;69;69740;1366,8520064032566;13172,75037132679;554,5634312658285;Genas
690781810 - HOSPICES CIVILS DE LYON;690007539 - HÔPITAL FEMME MERE ENFANT;84;38;38300;1307,2048275981649;53446,22335228724;301,8177054444490;Bourgoin-Jallieu
690781810 - HOSPICES CIVILS DE LYON;690007539 - HÔPITAL FEMME MERE ENFANT;84;38;38090;1255,2887512927393;24743,94151713076;510,5691829611114;Villefontaine
690781810 - HOSPICES CIVILS DE LYON;690007539 - HÔPITAL FEMME MERE ENFANT;84;69;69360;1207,8177159564600;23522,04723251037;446,8528092277706;Saint-Symphorien-D'ozon
690781810 - HOSPICES CIVILS DE LYON;690007539 - HÔPITAL FEMME MERE ENFANT;84;69;69700;1196,5164425632800;32690,01323851661;358,6287730580337;Givors
690781810 - HOSPICES CIVILS DE LYON;690007539 - HÔPITAL FEMME MERE ENFANT;84;69;69004;1148,3670717531602;36629,80607193688;13118,5760349375269;Lyon 4e Arrondissement
690781810 - HOSPICES CIVILS DE LYON;690007539 - HÔPITAL FEMME MERE ENFANT;84;38;38200;1122,5386224573322;43896,73552322687;412,0079333590293;Vienne
690781810 - HOSPICES CIVILS DE LYON;690007539 - HÔPITAL FEMME MERE ENFANT;84;69;69720;1117,9448751536113;12579,81974463333;354,2283787186263;Saint-Bonnet-De-Mure
690781810 - HOSPICES CIVILS DE LYON;690007539 - HÔPITAL FEMME MERE ENFANT;84;69;69600;1115,0763899738565;27093,50442667933;5789,3897196984362;Oullins
690781810 - HOSPICES CIVILS DE LYON;690007539 - HÔPITAL FEMME MERE ENFANT;84;69;69680;1106,5901007061707;10679,51458305130;902,2724090172622;Chassieu
690781810 - HOSPICES CIVILS DE LYON;690007539 - HÔPITAL FEMME MERE ENFANT;84;69;69001;1060,1296694430637;29976,05703227335;21339,9196068847377;Lyon 1er Arrondissement
690781810 - HOSPICES CIVILS DE LYON;690007539 - HÔPITAL FEMME MERE ENFANT;84;01;01800;1040,2301030351659;22574,45701385666;127,8283604735749;Meximieux
690781810 - HOSPICES CIVILS DE LYON;690007539 - HÔPITAL FEMME MERE ENFANT;84;38;38080;943,0322350850561;21706,53489734429;459,2386139481858;L'isle-D'abeau
690781810 - HOSPICES CIVILS DE LYON;690007539 - HÔPITAL FEMME MERE ENFANT;84;38;38460;914,7643867723920;21449,26414381230;117,5035080317953;Crémieu
690781810 - HOSPICES CIVILS DE LYON;690007539 - HÔPITAL FEMME MERE ENFANT;84;69;69230;911,7749823270458;21525,23386892180;1653,6507039767546;Saint-Genis-Laval
690781810 - HOSPICES CIVILS DE LYON;690007539 - HÔPITAL FEMME MERE ENFANT;84;01;01360;800,1101077977610;10504,09032285267;175,4105822746738;Béligneux
690781810 - HOSPICES CIVILS DE LYON;690007539 - HÔPITAL FEMME MERE ENFANT;84;69;69160;767,1450721737896;22638,85910587637;2772,2761725275841;Tassin-La-Demi-Lune
690781810 - HOSPICES CIVILS DE LYON;690007539 - HÔPITAL FEMME MERE ENFANT;84;74;74C02;764,8530654340899;190928,53577797199;560,2460721791563;Quintal/Poisy/Groisy/Fillière/Annecy
690781810 - HOSPICES CIVILS DE LYON;690007539 - HÔPITAL FEMME MERE ENFANT;84;69;69290;749,2717700649345;25163,72745354871;783,2811385187719;Craponne
690781810 - HOSPICES CIVILS DE LYON;690007539 - HÔPITAL FEMME MERE ENFANT;84;69;69960;746,5807500714144;11304,64046541633;945,1484181379566;Corbas
690781810 - HOSPICES CIVILS DE LYON;690007539 - HÔPITAL FEMME MERE ENFANT;84;69;69390;746,3917162663563;17424,00892886897;732,9905362854939;Vernaison
690781810 - HOSPICES CIVILS DE LYON;690007539 - HÔPITAL FEMME MERE ENFANT;84;69;69400;718,5170132664152;57342,61453549568;1106,1051255314339;Villefranche-Sur-Saône
690781810 - HOSPICES CIVILS DE LYON;690007539 - HÔPITAL FEMME MERE ENFANT;84;69;69320;713,1115470379237;9937,63038593524;957,9661429502170;Feyzin
690781810 - HOSPICES CIVILS DE LYON;690007539 - HÔPITAL FEMME MERE ENFANT;84;69;69270;707,3934984809590;18353,66841878380;893,4734184559970;Fontaines-Sur-Saône
690781810 - HOSPICES CIVILS DE LYON;690007539 - HÔPITAL FEMME MERE ENFANT;84;69;69110;697,4105436361748;22403,18636822407;3362,8778730276977;Sainte-Foy-Lès-Lyon
690781810 - HOSPICES CIVILS DE LYON;690007539 - HÔPITAL FEMME MERE ENFANT;84;38;38110;689,5983044925904;32291,02699671554;249,1841984763295;La Tour-Du-Pin
690781810 - HOSPICES CIVILS DE LYON;690007539 - HÔPITAL FEMME MERE ENFANT;84;38;38280;660,9555123489248;7957,95257981645;188,4865169593625;Villette-D'anthon
690781810 - HOSPICES CIVILS DE LYON;690007539 - HÔPITAL FEMME MERE ENFANT;84;38;38540;659,7084928454489;11837,00424226912;273,2719541458534;Heyrieux
690781810 - HOSPICES CIVILS DE LYON;690007539 - HÔPITAL FEMME MERE ENFANT;84;01;01500;652,2141743920400;25420,35845426106;251,8205512654642;Ambérieu-En-Bugey
690781810 - HOSPICES CIVILS DE LYON;690007539 - HÔPITAL FEMME MERE ENFANT;84;01;01150;632,8208220375373;18575,60829557200;118,7542871327733;Lagnieu
690781810 - HOSPICES CIVILS DE LYON;690007539 - HÔPITAL FEMME MERE ENFANT;84;69;69340;605,4493555092054;14960,74690354864;1774,6893889369339;Francheville
690781810 - HOSPICES CIVILS DE LYON;690007539 - HÔPITAL FEMME MERE ENFANT;84;38;38290;589,0745855586658;11855,19977118412;333,1297151583556;La Verpillière
690781810 - HOSPICES CIVILS DE LYON;690007539 - HÔPITAL FEMME MERE ENFANT;84;69;69530;565,5097204677697;14522,31578778176;716,7040674110494;Brignais
690781810 - HOSPICES CIVILS DE LYON;690007539 - HÔPITAL FEMME MERE ENFANT;84;69;69130;557,4665634003916;18675,01007493362;2260,4710074546024;Écully
690781810 - HOSPICES CIVILS DE LYON;690007539 - HÔPITAL FEMME MERE ENFANT;84;01;01000;551,6921550536256;48184,28989223447;1309,5735625430532;Bourg-En-Bresse
690781810 - HOSPICES CIVILS DE LYON;690007539 - HÔPITAL FEMME MERE ENFANT;84;69;69380;525,1287455519929;26938,05865186875;329,9597638335557;Chazay-D'azergues
690781810 - HOSPICES CIVILS DE LYON;690007539 - HÔPITAL FEMME MERE ENFANT;84;69;69310;523,8865667831017;10587,89163917542;2441,0783274558457;Pierre-Bénite
690781810 - HOSPICES CIVILS DE LYON;690007539 - HÔPITAL FEMME MERE ENFANT;84;69;69250;512,0801939752246;17891,27252431393;646,0819119542159;Neuville-Sur-Saône
690781810 - HOSPICES CIVILS DE LYON;690007539 - HÔPITAL FEMME MERE ENFANT;84;69;69210;510,4653485213225;30281,13211348472;281,4208096298966;Lentilly
690781810 - HOSPICES CIVILS DE LYON;690007539 - HÔPITAL FEMME MERE ENFANT;84;26;26000;501,8882095514651;64421,70658818240;1750,7682600314542;Valence
690781810 - HOSPICES CIVILS DE LYON;690007539 - HÔPITAL FEMME MERE ENFANT;84;01;01100;495,2104578064943;34313,39682893458;327,6214872882469;Oyonnax
690781810 - HOSPICES CIVILS DE LYON;690007539 - HÔPITAL FEMME MERE ENFANT;84;38;38780;460,6611120497727;14934,28627529336;159,4273028775165;Pont-Évêque
690781810 - HOSPICES CIVILS DE LYON;690007539 - HÔPITAL FEMME MERE ENFANT;84;38;38150;455,3876839230274;25823,48510707248;184,0964822468181;Roussillon
690781810 - HOSPICES CIVILS DE LYON;690007539 - HÔPITAL FEMME MERE ENFANT;84;38;38440;454,4537307082305;16805,02827192654;93,3752116902309;Saint-Jean-De-Bournay
690781810 - HOSPICES CIVILS DE LYON;690007539 - HÔPITAL FEMME MERE ENFANT;84;74;74100;442,8777056993193;65163,35645909112;2535,9019832950858;Annemasse
690781810 - HOSPICES CIVILS DE LYON;690007539 - HÔPITAL FEMME MERE ENFANT;84;69;69510;436,4320416437028;13434,94865020055;198,8003635892842;Soucieu-En-Jarrest
690781810 - HOSPICES CIVILS DE LYON;690007539 - HÔPITAL FEMME MERE ENFANT;84;38;38550;432,3862724499463;19396,71450667993;368,7978000922593;Saint-Maurice-L'exil
690781810 - HOSPICES CIVILS DE LYON;690007539 - HÔPITAL FEMME MERE ENFANT;84;42;42C07;419,8231917545687;183967,01325754271;1888,8594709224858;Saint-Étienne/Roche-La-Molière
690781810 - HOSPICES CIVILS DE LYON;690007539 - HÔPITAL FEMME MERE ENFANT;84;69;69440;411,7937550703255;17868,34825368480;185,3302769336602;Mornant
690781810 - HOSPICES CIVILS DE LYON;690007539 - HÔPITAL FEMME MERE ENFANT;84;69;69520;407,6760125354326;9864,07853008527;1666,1962700887493;Grigny
690781810 - HOSPICES CIVILS DE LYON;690007539 - HÔPITAL FEMME MERE ENFANT;84;01;01390;401,4811169228329;12634,54140795089;103,3478365122247;Saint-André-De-Corcy
690781810 - HOSPICES CIVILS DE LYON;690007539 - HÔPITAL FEMME MERE ENFANT;84;69;69580;385,3627478855242;8640,43197767959;1315,1068200982099;Sathonay-Camp
690781810 - HOSPICES CIVILS DE LYON;690007539 - HÔPITAL FEMME MERE ENFANT;84;01;01600;377,3004593166724;24171,83313707450;447,0422884187341;Trévoux
690781810 - HOSPICES CIVILS DE LYON;690007539 - HÔPITAL FEMME MERE ENFANT;84;69;69540;373,1087507807625;8842,65855085671;991,2752027531133;Irigny
690781810 - HOSPICES CIVILS DE LYON;690007539 - HÔPITAL FEMME MERE ENFANT;84;69;69970;362,5202143363885;6143,80520494993;199,0249349463566;Chaponnay
690781810 - HOSPICES CIVILS DE LYON;690007539 - HÔPITAL FEMME MERE ENFANT;84;74;74000;345,8633866343775;79553,28618325409;1912,3888103806496;Annecy
690781810 - HOSPICES CIVILS DE LYON;690007539 - HÔPITAL FEMME MERE ENFANT;84;69;69570;332,4534559803349;8876,40931630571;631,8732402494452;Dardilly
690781810 - HOSPICES CIVILS DE LYON;690007539 - HÔPITAL FEMME MERE ENFANT;84;38;38510;328,2606170452482;15987,33943661516;94,3266664038090;Morestel
690781810 - HOSPICES CIVILS DE LYON;690007539 - HÔPITAL FEMME MERE ENFANT;84;38;38790;318,7070707037853;8178,47487092770;165,9083943257288;Saint-Georges-D'espéranche
690781810 - HOSPICES CIVILS DE LYON;690007539 - HÔPITAL FEMME MERE ENFANT;84;42;42000;307,9071873065490;172320,74624151381;2991,0667132135031;St Etienne
690781810 - HOSPICES CIVILS DE LYON;690007539 - HÔPITAL FEMME MERE ENFANT;84;38;38070;295,6283900490017;6150,84059510232;257,2821862292079;Saint-Quentin-Fallavier
690781810 - HOSPICES CIVILS DE LYON;690007539 - HÔPITAL FEMME MERE ENFANT;84;73;73000;291,3058336816179;76832,10167199848;1581,8276032957049;Chambéry
690781810 - HOSPICES CIVILS DE LYON;690007539 - HÔPITAL FEMME MERE ENFANT;84;26;26200;274,2943045000194;40882,29841993564;844,4713960989068;Montélimar
690781810 - HOSPICES CIVILS DE LYON;690007539 - HÔPITAL FEMME MERE ENFANT;84;69;69350;268,2461471130682;6584,94217053523;3247,8889377634073;La Mulatière
690781810 - HOSPICES CIVILS DE LYON;690007539 - HÔPITAL FEMME MERE ENFANT;84;69;69124;258,2704832482824;2704,83893677421;97,0571118688829;Colombier-Saugnieu
690781810 - HOSPICES CIVILS DE LYON;690007539 - HÔPITAL FEMME MERE ENFANT;84;69;69630;253,7259802957386;8864,90559608363;540,1383156378703;Chaponost
690781810 - HOSPICES CIVILS DE LYON;690007539 - HÔPITAL FEMME MERE ENFANT;27;71;71000;250,6063699100845;36279,44499141367;943,4548041675563;Mâcon
690781810 - HOSPICES CIVILS DE LYON;690007539 - HÔPITAL FEMME MERE ENFANT;84;38;38390;248,9762699174522;9685,64460449815;113,6075751198792;Montalieu-Vercieu
690781810 - HOSPICES CIVILS DE LYON;690007539 - HÔPITAL FEMME MERE ENFANT;84;42;42800;241,8577696649076;30015,19792852173;355,3485587478540;Rive-De-Gier
690781810 - HOSPICES CIVILS DE LYON;690007539 - HÔPITAL FEMME MERE ENFANT;84;07;07200;241,7114535449579;32508,12165659181;174,8449538623974;Aubenas
690781810 - HOSPICES CIVILS DE LYON;690007539 - HÔPITAL FEMME MERE ENFANT;84;26;26140;224,8620178662131;14022,94277777129;169,5430354376167;Saint-Rambert-D'albon
690781810 - HOSPICES CIVILS DE LYON;690007539 - HÔPITAL FEMME MERE ENFANT;84;69;69220;223,4921850479405;20704,17331444151;234,1700209692783;Belleville-En-Beaujolais
690781810 - HOSPICES CIVILS DE LYON;690007539 - HÔPITAL FEMME MERE ENFANT;84;01;01630;217,9374124819241;22448,55318778028;337,3172926010744;Saint-Genis-Pouilly
690781810 - HOSPICES CIVILS DE LYON;690007539 - HÔPITAL FEMME MERE ENFANT;84;38;38670;213,9501634457708;6180,41094066131;742,4461060403593;Chasse-Sur-Rhône
690781810 - HOSPICES CIVILS DE LYON;690007539 - HÔPITAL FEMME MERE ENFANT;84;01;01480;213,2020401851516;19118,62438412284;205,7642433581647;Jassans-Riottier
690781810 - HOSPICES CIVILS DE LYON;690007539 - HÔPITAL FEMME MERE ENFANT;84;74;74200;212,3565342153295;52075,26574020706;615,7298412847177;Thonon-Les-Bains
690781810 - HOSPICES CIVILS DE LYON;690007539 - HÔPITAL FEMME MERE ENFANT;84;01;01250;209,9251210788017;16991,47242048907;72,5027742729873;Ceyzériat
690781810 - HOSPICES CIVILS DE LYON;690007539 - HÔPITAL FEMME MERE ENFANT;84;01;01C02;208,4840604122736;14248,19443283264;73,7341406050645;Nantua/Montréal-La-Cluse
690781810 - HOSPICES CIVILS DE LYON;690007539 - HÔPITAL FEMME MERE ENFANT;84;69;69126;206,6879208206517;6384,72817651437;549,9340418422761;Brindas
690781810 - HOSPICES CIVILS DE LYON;690007539 - HÔPITAL FEMME MERE ENFANT;84;26;26100;202,0478955505007;33679,29776403532;1007,7767023091919;Romans-Sur-Isère
690781810 - HOSPICES CIVILS DE LYON;690007539 - HÔPITAL FEMME MERE ENFANT;84;69;69480;200,9576838717506;16687,24269590883;326,1280867931896;Anse
690781810 - HOSPICES CIVILS DE LYON;690007539 - HÔPITAL FEMME MERE ENFANT;84;38;38270;200,7925009705610;13414,12775436465;87,7998053798112;Beaurepaire
690781810 - HOSPICES CIVILS DE LYON;690007539 - HÔPITAL FEMME MERE ENFANT;84;01;01320;197,8491121959134;6525,09268132258;54,1762124598851;Chalamont
690781810 - HOSPICES CIVILS DE LYON;690007539 - HÔPITAL FEMME MERE ENFANT;84;01;01210;197,0019749067550;16763,11384368578;1047,6793583997044;Ferney-Voltaire
690781810 - HOSPICES CIVILS DE LYON;690007539 - HÔPITAL FEMME MERE ENFANT;84;01;01170;194,4260428021447;26578,54798489914;258,7532723041967;Gex
690781810 - HOSPICES CIVILS DE LYON;690007539 - HÔPITAL FEMME MERE ENFANT;84;38;38890;193,6793821887262;7187,46627402333;134,3929903208608;Saint-Chef
690781810 - HOSPICES CIVILS DE LYON;690007539 - HÔPITAL FEMME MERE ENFANT;84;26;26300;192,9610726341903;30497,72539759205;128,8466999803688;Bourg-De-Péage
690781810 - HOSPICES CIVILS DE LYON;690007539 - HÔPITAL FEMME MERE ENFANT;84;69;69450;192,5180569336858;5790,11828654995;823,0347052785650;Saint-Cyr-Au-Mont-D'or
690781810 - HOSPICES CIVILS DE LYON;690007539 - HÔPITAL FEMME MERE ENFANT;84;26;26600;184,2531126388717;24323,00120280407;186,9533127402414;Tain-L'hermitage
690781810 - HOSPICES CIVILS DE LYON;690007539 - HÔPITAL FEMME MERE ENFANT;84;01;01C01;183,9911488042575;17503,23181585056;155,0550255637691;Replonges/Grièges
690781810 - HOSPICES CIVILS DE LYON;690007539 - HÔPITAL FEMME MERE ENFANT;84;01;01330;183,5963679522596;8939,60885989908;59,2963369902495;Villars-Les-Dombes
690781810 - HOSPICES CIVILS DE LYON;690007539 - HÔPITAL FEMME MERE ENFANT;84;26;26500;178,0077655205108;20082,59853807903;992,6951214348991;Bourg-Lès-Valence
690781810 - HOSPICES CIVILS DE LYON;690007539 - HÔPITAL FEMME MERE ENFANT;84;01;01160;177,8332998402510;10435,98225902739;88,3791842262856;Pont-D'ain
690781810 - HOSPICES CIVILS DE LYON;690007539 - HÔPITAL FEMME MERE ENFANT;84;69;69660;177,1906642310576;4229,73688356899;1119,6581001499831;Collonges-Au-Mont-D'or
690781810 - HOSPICES CIVILS DE LYON;690007539 - HÔPITAL FEMME MERE ENFANT;84;74;74160;177,1162229688012;31250,80875408505;442,2659495277798;Saint-Julien-En-Genevois
690781810 - HOSPICES CIVILS DE LYON;690007539 - HÔPITAL FEMME MERE ENFANT;84;69;69410;176,4271368533452;5845,42709539792;2147,7843596131115;Champagne-Au-Mont-D'or
690781810 - HOSPICES CIVILS DE LYON;690007539 - HÔPITAL FEMME MERE ENFANT;84;01;01340;175,1695527259891;15503,68798200367;91,0353997313302;Attignat
690781810 - HOSPICES CIVILS DE LYON;690007539 - HÔPITAL FEMME MERE ENFANT;84;38;38260;174,5497293742224;20259,01640598185;79,6873473881518;La Côte-Saint-André
690781810 - HOSPICES CIVILS DE LYON;690007539 - HÔPITAL FEMME MERE ENFANT;84;69;69420;169,9776538720844;9930,75646733223;122,4866203715531;Condrieu
690781810 - HOSPICES CIVILS DE LYON;690007539 - HÔPITAL FEMME MERE ENFANT;84;69;69370;168,6590271659315;7013,70516223701;873,3980537917033;Saint-Didier-Au-Mont-D'or
690781810 - HOSPICES CIVILS DE LYON;690007539 - HÔPITAL FEMME MERE ENFANT;84;26;26800;166,6116547678447;19702,87954017940;262,4601607095017;Portes-Lès-Valence
690781810 - HOSPICES CIVILS DE LYON;690007539 - HÔPITAL FEMME MERE ENFANT;84;26;26120;164,1411394846851;22844,23059651523;99,5963276396753;Chabeuil
690781810 - HOSPICES CIVILS DE LYON;690007539 - HÔPITAL FEMME MERE ENFANT;84;38;38370;163,8308140519125;8144,41554317653;436,6791059803503;Saint-Clair-Du-Rhône
690781810 - HOSPICES CIVILS DE LYON;690007539 - HÔPITAL FEMME MERE ENFANT;84;74;74800;163,0475543644164;28776,62323957251;304,6910848041717;La Roche-Sur-Foron
690781810 - HOSPICES CIVILS DE LYON;690007539 - HÔPITAL FEMME MERE ENFANT;84;69;69280;162,0033115188190;5736,06490831747;514,7309012020812;Marcy-L'étoile
690781810 - HOSPICES CIVILS DE LYON;690007539 - HÔPITAL FEMME MERE ENFANT;84;38;38000;161,2587529933263;160997,39815244466;8801,9108958016041;Grenoble
690781810 - HOSPICES CIVILS DE LYON;690007539 - HÔPITAL FEMME MERE ENFANT;84;69;69730;160,0551152803990;5583,74024826951;682,5320683088827;Genay
690781810 - HOSPICES CIVILS DE LYON;690007539 - HÔPITAL FEMME MERE ENFANT;84;69;69170;155,3060474327177;15416,74618347669;128,1200326832935;Tarare
690781810 - HOSPICES CIVILS DE LYON;690007539 - HÔPITAL FEMME MERE ENFANT;27;71;71100;155,0260615366161;55325,53357701357;1025,2656292989825;Chalon-Sur-Saône
690781810 - HOSPICES CIVILS DE LYON;690007539 - HÔPITAL FEMME MERE ENFANT;84;69;69650;153,2450771411247;6626,08843024186;285,7336231558377;Quincieux
690781810 - HOSPICES CIVILS DE LYON;690007539 - HÔPITAL FEMME MERE ENFANT;84;74;74150;152,6952156901842;32245,68780390949;189,0560554456926;Rumilly
690781810 - HOSPICES CIVILS DE LYON;690007539 - HÔPITAL FEMME MERE ENFANT;84;74;74140;152,4644132854466;33263,80951212032;266,8686692007059;Douvaine
690781810 - HOSPICES CIVILS DE LYON;690007539 - HÔPITAL FEMME MERE ENFANT;84;63;63000;151,6707638043611;146090,49663550837;3396,8132293278582;Clermont-Ferrand
690781810 - HOSPICES CIVILS DE LYON;690007539 - HÔPITAL FEMME MERE ENFANT;84;07;07100;151,4086756648872;23254,91983693000;345,7081341090245;Annonay
690781810 - HOSPICES CIVILS DE LYON;690007539 - HÔPITAL FEMME MERE ENFANT;84;42;42300;150,0354794037431;47577,90709781118;748,6364335652738;Roanne
690781810 - HOSPICES CIVILS DE LYON;690007539 - HÔPITAL FEMME MERE ENFANT;84;01;01300;149,3241720205143;21673,90453242246;90,4692829945168;Belley
690781810 - HOSPICES CIVILS DE LYON;690007539 - HÔPITAL FEMME MERE ENFANT;84;69;69670;148,4194242403422;5830,57676829974;239,7433613406365;Vaugneray
690781810 - HOSPICES CIVILS DE LYON;690007539 - HÔPITAL FEMME MERE ENFANT;84;69;69260;148,4126456499731;5227,73932565175;1366,8936200567261;Charbonnières-Les-Bains
690781810 - HOSPICES CIVILS DE LYON;690007539 - HÔPITAL FEMME MERE ENFANT;84;74;74130;147,7927212951454;23795,24900524853;147,7594671020919;Bonneville
690781810 - HOSPICES CIVILS DE LYON;690007539 - HÔPITAL FEMME MERE ENFANT;84;38;38490;147,4208360004597;16423,85701387004;204,4143861917980;Les Abrets En Dauphiné
690781810 - HOSPICES CIVILS DE LYON;690007539 - HÔPITAL FEMME MERE ENFANT;84;01;01240;141,3848843816007;7963,10301186971;50,3911529383330;Saint-Paul-De-Varax
690781810 - HOSPICES CIVILS DE LYON;690007539 - HÔPITAL FEMME MERE ENFANT;84;01;01200;139,2437386920065;21509,37099607612;133,8619589182383;Valserhône
690781810 - HOSPICES CIVILS DE LYON;690007539 - HÔPITAL FEMME MERE ENFANT;84;26;26240;138,3246078763587;13525,14963661255;150,5011503403124;Saint-Vallier
690781810 - HOSPICES CIVILS DE LYON;690007539 - HÔPITAL FEMME MERE ENFANT;84;38;38690;135,3449770506859;15521,47683101068;99,0318960128428;Le Grand-Lemps
690781810 - HOSPICES CIVILS DE LYON;690007539 - HÔPITAL FEMME MERE ENFANT;84;69;69490;135,3210787825758;10027,58327722965;117,9507392545110;Vindry-Sur-Turdine
690781810 - HOSPICES CIVILS DE LYON;690007539 - HÔPITAL FEMME MERE ENFANT;84;74;74500;135,2664022089512;35380,35386666682;237,8489342186399;Évian-Les-Bains
690781810 - HOSPICES CIVILS DE LYON;690007539 - HÔPITAL FEMME MERE ENFANT;84;42;42410;134,2771782169071;9844,58867065759;115,9096534117420;Pélussin
690781810 - HOSPICES CIVILS DE LYON;690007539 - HÔPITAL FEMME MERE ENFANT;84;07;07340;133,5585561145027;13001,20079257330;122,3874186111601;Peaugres
690781810 - HOSPICES CIVILS DE LYON;690007539 - HÔPITAL FEMME MERE ENFANT;84;01;01230;132,3975179699619;5445,30868150994;41,6989484497347;Saint-Rambert-En-Bugey
690781810 - HOSPICES CIVILS DE LYON;690007539 - HÔPITAL FEMME MERE ENFANT;84;69;69620;132,1935842813926;12178,84022170874;103,0885330308342;Val D'oingt
690781810 - HOSPICES CIVILS DE LYON;690007539 - HÔPITAL FEMME MERE ENFANT;84;69;69460;130,6481820763445;9041,07999490449;124,7256552347207;Saint-Étienne-Des-Oullières
690781810 - HOSPICES CIVILS DE LYON;690007539 - HÔPITAL FEMME MERE ENFANT;84;01;01960;130,0211639552944;8932,38313088893;159,2710010881553;Péronnas
690781810 - HOSPICES CIVILS DE LYON;690007539 - HÔPITAL FEMME MERE ENFANT;84;07;07300;129,3528017122140;18203,21245941141;168,0965460696429;Tournon-Sur-Rhône
690781810 - HOSPICES CIVILS DE LYON;690007539 - HÔPITAL FEMME MERE ENFANT;84;42;42400;128,1894932657985;35395,41834617630;634,4823739254560;Saint-Chamond
690781810 - HOSPICES CIVILS DE LYON;690007539 - HÔPITAL FEMME MERE ENFANT;84;69;69560;127,8338389925692;5207,88245876728;247,0723874751434;Sainte-Colombe
690781810 - HOSPICES CIVILS DE LYON;690007539 - HÔPITAL FEMME MERE ENFANT;84;07;07000;125,1719457301334;17343,77729052200;105,2150856281682;Privas
690781810 - HOSPICES CIVILS DE LYON;690007539 - HÔPITAL FEMME MERE ENFANT;84;01;01220;124,1674159496246;11361,31855939065;263,7858502371917;NA
690781810 - HOSPICES CIVILS DE LYON;690007539 - HÔPITAL FEMME MERE ENFANT;84;74;74350;123,2068197649985;16313,39631387538;141,2443673120402;Cruseilles
690781810 - HOSPICES CIVILS DE LYON;690007539 - HÔPITAL FEMME MERE ENFANT;84;01;01640;123,1879913633924;4583,05772212529;80,3196278215360;Jujurieux
690781810 - HOSPICES CIVILS DE LYON;690007539 - HÔPITAL FEMME MERE ENFANT;84;26;26400;121,7129856337076;24305,72071173234;46,2386139181629;Crest
690781810 - HOSPICES CIVILS DE LYON;690007539 - HÔPITAL FEMME MERE ENFANT;84;07;07130;119,2686567693448;14992,06496852582;158,6632099204740;Saint-Péray
690781810 - HOSPICES CIVILS DE LYON;690007539 - HÔPITAL FEMME MERE ENFANT;84;01;01310;119,1839283459255;10156,59240074643;99,4026830576897;Polliat
690781810 - HOSPICES CIVILS DE LYON;690007539 - HÔPITAL FEMME MERE ENFANT;84;74;74330;118,8111247249661;28684,21165519171;348,8903838167495;Poisy
690781810 - HOSPICES CIVILS DE LYON;690007539 - HÔPITAL FEMME MERE ENFANT;84;74;74930;118,3290960599139;13954,38125677984;222,5211686220084;Reignier-Ésery
690781810 - HOSPICES CIVILS DE LYON;690007539 - HÔPITAL FEMME MERE ENFANT;84;74;74270;118,2509414471816;12880,25639147763;84,9802860644562;Frangy
690781810 - HOSPICES CIVILS DE LYON;690007539 - HÔPITAL FEMME MERE ENFANT;84;74;74380;116,8239408261841;15340,96295937073;377,3527248819137;Cranves-Sales
690781810 - HOSPICES CIVILS DE LYON;690007539 - HÔPITAL FEMME MERE ENFANT;84;74;74300;116,1151980791373;31812,07827582372;246,9687998544813;Cluses
690781810 - HOSPICES CIVILS DE LYON;690007539 - HÔPITAL FEMME MERE ENFANT;84;01;01370;114,3133485343901;7843,95972943596;62,9369627433169;Saint-Étienne-Du-Bois
690781810 - HOSPICES CIVILS DE LYON;690007539 - HÔPITAL FEMME MERE ENFANT;76;30;30000;113,2761157562886;152309,73258572034;939,8686726727514;Nîmes
690781810 - HOSPICES CIVILS DE LYON;690007539 - HÔPITAL FEMME MERE ENFANT;84;07;07C06;113,1092648535518;18377,47748550241;131,9952475296382;Le Pouzin/La Voulte-Sur-Rhône
690781810 - HOSPICES CIVILS DE LYON;690007539 - HÔPITAL FEMME MERE ENFANT;84;69;69690;112,8231612842566;6846,79922403748;86,9618750606793;Bessenay
690781810 - HOSPICES CIVILS DE LYON;690007539 - HÔPITAL FEMME MERE ENFANT;84;69;69850;110,4529479146821;4806,20206947752;95,6167885890780;Saint-Martin-En-Haut
690781810 - HOSPICES CIVILS DE LYON;690007539 - HÔPITAL FEMME MERE ENFANT;84;69;69590;110,3577836467323;8157,57284706958;121,6521569024799;Saint-Symphorien-Sur-Coise
690781810 - HOSPICES CIVILS DE LYON;690007539 - HÔPITAL FEMME MERE ENFANT;84;69;69610;110,2570656160762;8470,26766911971;89,2928789262848;Haute-Rivoire
690781810 - HOSPICES CIVILS DE LYON;690007539 - HÔPITAL FEMME MERE ENFANT;84;38;38630;110,0527677421754;10066,94666044267;185,5795306046762;Les Avenières Veyrins-Thuellin
690781810 - HOSPICES CIVILS DE LYON;690007539 - HÔPITAL FEMME MERE ENFANT;84;07;07500;109,7077260397170;10957,05913821673;1768,5184018401289;NA
690781810 - HOSPICES CIVILS DE LYON;690007539 - HÔPITAL FEMME MERE ENFANT;84;07;07400;108,8242994806705;15507,04753988270;79,5814376128511;Le Teil
690781810 - HOSPICES CIVILS DE LYON;690007539 - HÔPITAL FEMME MERE ENFANT;84;26;26210;108,6320050005332;7304,35256721929;89,7456849628483;Saint-Sorlin-En-Valloire
690781810 - HOSPICES CIVILS DE LYON;690007539 - HÔPITAL FEMME MERE ENFANT;84;69;69760;108,2556897469477;3725,73615645144;402,1629128211230;Limonest
690781810 - HOSPICES CIVILS DE LYON;690007539 - HÔPITAL FEMME MERE ENFANT;84;38;38C06;107,9041701767694;12776,93708138340;118,7031219314811;Villages Du Lac De Paladru/Chirens
690781810 - HOSPICES CIVILS DE LYON;690007539 - HÔPITAL FEMME MERE ENFANT;84;69;69890;107,0964562157202;4248,85707599028;518,8393087531445;La Tour-De-Salvagny
690781810 - HOSPICES CIVILS DE LYON;690007539 - HÔPITAL FEMME MERE ENFANT;84;26;26260;107,0142393271327;11772,41511706568;113,6589292953880;Saint-Donat-Sur-L'herbasse
690781810 - HOSPICES CIVILS DE LYON;690007539 - HÔPITAL FEMME MERE ENFANT;84;01;01590;106,5138620585369;2807,40107854287;84,9191951712674;Dortan
690781810 - HOSPICES CIVILS DE LYON;690007539 - HÔPITAL FEMME MERE ENFANT;84;01;01440;105,0215799939070;7054,39502154627;155,1056136984990;Viriat
690781810 - HOSPICES CIVILS DE LYON;690007539 - HÔPITAL FEMME MERE ENFANT;27;21;21000;105,0144148945095;156150,17005776506;3725,9272032587369;Dijon
690781810 - HOSPICES CIVILS DE LYON;690007539 - HÔPITAL FEMME MERE ENFANT;27;71;71210;103,0770098695491;12290,83352780691;154,6666006574950;Montchanin
690781810 - HOSPICES CIVILS DE LYON;690007539 - HÔPITAL FEMME MERE ENFANT;84;01;01400;101,8486726880021;11565,80122582648;69,3465382809092;Châtillon-Sur-Chalaronne
690781810 - HOSPICES CIVILS DE LYON;690007539 - HÔPITAL FEMME MERE ENFANT;27;71;71570;101,2859876281640;9975,39464182225;186,6294527945742;La Chapelle-De-Guinchay
690781810 - HOSPICES CIVILS DE LYON;690007539 - HÔPITAL FEMME MERE ENFANT;84;69;69640;100,5673633793174;6650,46855453459;110,0589681633686;Denicé
690781810 - HOSPICES CIVILS DE LYON;690007539 - HÔPITAL FEMME MERE ENFANT;84;38;38118;99,9057097906580;2038,33393191782;66,3496682886847;Hières-Sur-Amby
690781810 - HOSPICES CIVILS DE LYON;690007539 - HÔPITAL FEMME MERE ENFANT;27;25;25000;99,5849025774832;118410,66132490151;1798,8053502486050;Besançon
690781810 - HOSPICES CIVILS DE LYON;690007539 - HÔPITAL FEMME MERE ENFANT;84;01;01140;99,1324444066530;9244,50501038847;93,8673183244042;Saint-Didier-Sur-Chalaronne
690781810 - HOSPICES CIVILS DE LYON;690007539 - HÔPITAL FEMME MERE ENFANT;84;74;74540;98,5337593598791;14414,08730663360;148,2776977634471;Alby-Sur-Chéran
690781810 - HOSPICES CIVILS DE LYON;690007539 - HÔPITAL FEMME MERE ENFANT;84;07;07210;98,1922063382516;9098,97499274708;77,3732370530666;Chomérac
690781810 - HOSPICES CIVILS DE LYON;690007539 - HÔPITAL FEMME MERE ENFANT;84;01;01380;97,9600302123481;8189,74877021951;83,5950072082186;Bâgé-Dommartin
690781810 - HOSPICES CIVILS DE LYON;690007539 - HÔPITAL FEMME MERE ENFANT;84;74;74600;96,8957520024065;23011,25060650929;713,0721552774571;NA
690781810 - HOSPICES CIVILS DE LYON;690007539 - HÔPITAL FEMME MERE ENFANT;84;26;26270;96,7465851538513;9736,36447262783;116,9925100035045;Loriol-Sur-Drôme
690781810 - HOSPICES CIVILS DE LYON;690007539 - HÔPITAL FEMME MERE ENFANT;84;69;69770;96,6275745549555;3886,25791151355;59,8452419670609;Montrottier
690781810 - HOSPICES CIVILS DE LYON;690007539 - HÔPITAL FEMME MERE ENFANT;84;74;74250;95,4655260837327;15161,66127893465;204,2832352506405;Viuz-En-Sallaz
690781810 - HOSPICES CIVILS DE LYON;690007539 - HÔPITAL FEMME MERE ENFANT;84;73;73230;95,0749136584255;13430,85013782345;165,4982462525731;Saint-Alban-Leysse
690781810 - HOSPICES CIVILS DE LYON;690007539 - HÔPITAL FEMME MERE ENFANT;84;74;74580;94,2993769503218;5233,61542074286;201,5972350853830;Viry
690781810 - HOSPICES CIVILS DE LYON;690007539 - HÔPITAL FEMME MERE ENFANT;84;01;01130;93,7843717598638;7202,26800888936;48,7008863305145;Nantua
690781810 - HOSPICES CIVILS DE LYON;690007539 - HÔPITAL FEMME MERE ENFANT;84;42;42520;92,4200934396073;7316,02278036892;106,2066854398872;Maclas
690781810 - HOSPICES CIVILS DE LYON;690007539 - HÔPITAL FEMME MERE ENFANT;84;73;73100;92,0099790439025;47162,84131775735;459,8723065146781;Aix-Les-Bains
690781810 - HOSPICES CIVILS DE LYON;690007539 - HÔPITAL FEMME MERE ENFANT;84;26;26780;91,7956012126892;7697,48115092884;91,0322446866733;Châteauneuf-Du-Rhône
690781810 - HOSPICES CIVILS DE LYON;690007539 - HÔPITAL FEMME MERE ENFANT;84;26;26740;91,0190692731057;11475,34658164722;91,3428446234155;Montboucher-Sur-Jabron
690781810 - HOSPICES CIVILS DE LYON;690007539 - HÔPITAL FEMME MERE ENFANT;84;69;69550;90,8734449720156;8471,10988093761;82,6776413925499;Amplepuis
690781810 - HOSPICES CIVILS DE LYON;690007539 - HÔPITAL FEMME MERE ENFANT;84;69;69430;90,6980306761257;7759,58605047756;55,8627526563944;Beaujeu
690781810 - HOSPICES CIVILS DE LYON;690007539 - HÔPITAL FEMME MERE ENFANT;27;71;71960;90,6840537060730;10766,86796843126;81,2122312176046;Prissé
690781810 - HOSPICES CIVILS DE LYON;690007539 - HÔPITAL FEMME MERE ENFANT;27;39;39C03;90,4874431230427;15737,46511108613;70,0689697960425;Les Rousses/Hauts De Bienne
690781810 - HOSPICES CIVILS DE LYON;690007539 - HÔPITAL FEMME MERE ENFANT;84;38;38140;89,7466467740898;23470,26470670689;273,9356890607858;Rives
690781810 - HOSPICES CIVILS DE LYON;690007539 - HÔPITAL FEMME MERE ENFANT;84;01;01110;89,6104420889114;6689,16367456047;33,9285694971063;Plateau D'hauteville
690781810 - HOSPICES CIVILS DE LYON;690007539 - HÔPITAL FEMME MERE ENFANT;84;38;38122;89,1159351360361;3002,02627709828;56,0565097908836;Montseveroux
690781810 - HOSPICES CIVILS DE LYON;690007539 - HÔPITAL FEMME MERE ENFANT;84;01;01090;89,0458501181715;9162,80352260135;222,0093794638484;Montmerle-Sur-Saône
690781810 - HOSPICES CIVILS DE LYON;690007539 - HÔPITAL FEMME MERE ENFANT;84;74;74950;88,8045991457839;9868,02912879482;207,1928226668535;Scionzier
690781810 - HOSPICES CIVILS DE LYON;690007539 - HÔPITAL FEMME MERE ENFANT;84;07;07110;88,7512866972932;8769,14837652998;45,3400138526935;Largentière
690781810 - HOSPICES CIVILS DE LYON;690007539 - HÔPITAL FEMME MERE ENFANT;84;38;38121;88,7414991572909;3531,99825426156;139,4289935496121;Reventin-Vaugris
690781810 - HOSPICES CIVILS DE LYON;690007539 - HÔPITAL FEMME MERE ENFANT;84;01;01470;88,4921609844986;3548,48861546842;68,0561431796991;Serrières-De-Briord
690781810 - HOSPICES CIVILS DE LYON;690007539 - HÔPITAL FEMME MERE ENFANT;84;74;74960;88,4488677677768;26679,40459092835;3368,9749615587780;Annecy
690781810 - HOSPICES CIVILS DE LYON;690007539 - HÔPITAL FEMME MERE ENFANT;84;42;42320;88,2440105053219;10935,46930185181;201,4667383819121;La Grand-Croix
690781810 - HOSPICES CIVILS DE LYON;690007539 - HÔPITAL FEMME MERE ENFANT;84;01;01540;87,9903628833752;4765,58114735787;122,4581821578800;Vonnas
690781810 - HOSPICES CIVILS DE LYON;690007539 - HÔPITAL FEMME MERE ENFANT;84;38;38500;87,9529321973401;30606,36624717964;542,1390206503081;Voiron
690781810 - HOSPICES CIVILS DE LYON;690007539 - HÔPITAL FEMME MERE ENFANT;84;26;26700;87,8208783273024;14662,89307059439;189,8701849851819;Pierrelatte
690781810 - HOSPICES CIVILS DE LYON;690007539 - HÔPITAL FEMME MERE ENFANT;84;42;42153;86,6138955103385;10855,96908285057;691,6094262792052;Riorges
690781810 - HOSPICES CIVILS DE LYON;690007539 - HÔPITAL FEMME MERE ENFANT;84;01;01560;86,4717622011448;6577,37098349609;33,9656198158125;Saint-Trivier-De-Courtes
690781810 - HOSPICES CIVILS DE LYON;690007539 - HÔPITAL FEMME MERE ENFANT;84;01;01290;86,1977992379421;11370,38055447128;119,6938633933369;Grieges
690781810 - HOSPICES CIVILS DE LYON;690007539 - HÔPITAL FEMME MERE ENFANT;84;26;26160;85,8565557517210;8188,08080014821;45,0042423013301;La Bégude-De-Mazenc
690781810 - HOSPICES CIVILS DE LYON;690007539 - HÔPITAL FEMME MERE ENFANT;84;07;07290;85,6652618980188;6883,98213656748;58,1473961472476;Quintenas
690781810 - HOSPICES CIVILS DE LYON;690007539 - HÔPITAL FEMME MERE ENFANT;84;74;74370;85,5174260669630;19358,03553697617;296,9282847872969;NA
690781810 - HOSPICES CIVILS DE LYON;690007539 - HÔPITAL FEMME MERE ENFANT;84;73;73160;85,2304379437923;11689,40213353035;139,5855910202200;Cognin
690781810 - HOSPICES CIVILS DE LYON;690007539 - HÔPITAL FEMME MERE ENFANT;84;42;42260;84,1932559972026;6202,23652512726;28,1050325997665;Saint-Germain-Laval
690781810 - HOSPICES CIVILS DE LYON;690007539 - HÔPITAL FEMME MERE ENFANT;84;26;26130;84,0569231572429;12657,67496156411;162,3476519853675;Saint-Paul-Trois-Châteaux
690781810 - HOSPICES CIVILS DE LYON;690007539 - HÔPITAL FEMME MERE ENFANT;84;74;74700;83,9617399718217;19523,90326811428;204,1292984228642;Sallanches
690781810 - HOSPICES CIVILS DE LYON;690007539 - HÔPITAL FEMME MERE ENFANT;84;01;01460;82,1808519582092;6979,85997853444;153,9123095147443;Montreal La Cluse
690781810 - HOSPICES CIVILS DE LYON;690007539 - HÔPITAL FEMME MERE ENFANT;84;07;07430;81,0940403214195;9429,47841287626;182,5421689032079;Davézieux
690781810 - HOSPICES CIVILS DE LYON;690007539 - HÔPITAL FEMME MERE ENFANT;84;01;01570;80,8656032756854;5675,29506625719;159,0086051895579;Feillens
690781810 - HOSPICES CIVILS DE LYON;690007539 - HÔPITAL FEMME MERE ENFANT;84;07;07800;80,6305161780147;13948,84722664441;132,3750827473796;La Voulte Sur Rhone
690781810 - HOSPICES CIVILS DE LYON;690007539 - HÔPITAL FEMME MERE ENFANT;84;73;73200;80,3423535266709;31282,93867117680;349,3868158468179;Albertville
690781810 - HOSPICES CIVILS DE LYON;690007539 - HÔPITAL FEMME MERE ENFANT;84;26;26250;79,6156499051878;9274,85432394399;225,9944680057588;Livron-Sur-Drôme
690781810 - HOSPICES CIVILS DE LYON;690007539 - HÔPITAL FEMME MERE ENFANT;84;69;69240;79,5098055439956;7260,91025564056;115,4759659059805;Thizy-Les-Bourgs
690781810 - HOSPICES CIVILS DE LYON;690007539 - HÔPITAL FEMME MERE ENFANT;84;42;42160;78,2753825392070;16633,51878958149;597,6833329913098;Andrézieux-Bouthéon
690781810 - HOSPICES CIVILS DE LYON;690007539 - HÔPITAL FEMME MERE ENFANT;84;01;01430;76,1602804668268;4188,81542567547;40,4753081737769;NA
690781810 - HOSPICES CIVILS DE LYON;690007539 - HÔPITAL FEMME MERE ENFANT;84;73;73420;76,0059462976305;8409,02151311057;279,5889209893697;NA
690781810 - HOSPICES CIVILS DE LYON;690007539 - HÔPITAL FEMME MERE ENFANT;84;01;01190;75,5657546208021;10507,56174023691;75,8948564235351;Pont-De-Vaux
690781810 - HOSPICES CIVILS DE LYON;690007539 - HÔPITAL FEMME MERE ENFANT;84;69;69870;75,1574471227415;6865,58294975354;40,9414177863658;Grandris
690781810 - HOSPICES CIVILS DE LYON;690007539 - HÔPITAL FEMME MERE ENFANT;84;07;07700;75,1313733710771;14167,41287801862;62,8571862016805;Bourg-Saint-Andéol
690781810 - HOSPICES CIVILS DE LYON;690007539 - HÔPITAL FEMME MERE ENFANT;84;42;42120;75,0076715237743;14189,14387994323;172,5963271200530;Le Coteau
690781810 - HOSPICES CIVILS DE LYON;690007539 - HÔPITAL FEMME MERE ENFANT;11;93;93300;74,9806580089497;85886,93553752426;14852,4448071697316;NA
690781810 - HOSPICES CIVILS DE LYON;690007539 - HÔPITAL FEMME MERE ENFANT;84;07;07380;74,8456272555077;6290,71746333687;60,9660467960658;NA
690781810 - HOSPICES CIVILS DE LYON;690007539 - HÔPITAL FEMME MERE ENFANT;84;43;43700;74,6445443102599;15285,74131749295;165,9641677829169;Brives-Charensac
690781810 - HOSPICES CIVILS DE LYON;690007539 - HÔPITAL FEMME MERE ENFANT;84;26;26290;74,5986311384273;6602,67389842816;165,4428162606564;Donzère
690781810 - HOSPICES CIVILS DE LYON;690007539 - HÔPITAL FEMME MERE ENFANT;27;39;39000;74,4659957175346;17245,72404620964;2174,9946584285153;Lons-Le-Saunier
690781810 - HOSPICES CIVILS DE LYON;690007539 - HÔPITAL FEMME MERE ENFANT;27;71;71880;74,4228148723287;6199,99296205630;505,8212720975864;NA
690781810 - HOSPICES CIVILS DE LYON;690007539 - HÔPITAL FEMME MERE ENFANT;84;43;43000;73,4123574176284;27087,52238304950;396,3023783558189;NA
690781810 - HOSPICES CIVILS DE LYON;690007539 - HÔPITAL FEMME MERE ENFANT;84;69;69C01;73,0765841707317;2564,32377180931;99,8737197772362;Villié-Morgon/Chiroubles
690781810 - HOSPICES CIVILS DE LYON;690007539 - HÔPITAL FEMME MERE ENFANT;84;26;26460;72,5121048238710;1305,21788682968;10,7781410340533;NA
690781810 - HOSPICES CIVILS DE LYON;690007539 - HÔPITAL FEMME MERE ENFANT;84;38;38480;72,4368795876761;8062,78190487440;156,2668562168119;Le Pont-De-Beauvoisin
690781810 - HOSPICES CIVILS DE LYON;690007539 - HÔPITAL FEMME MERE ENFANT;84;01;01660;72,0846398949585;3905,67685249048;86,0242136236467;NA
690781810 - HOSPICES CIVILS DE LYON;690007539 - HÔPITAL FEMME MERE ENFANT;84;01;01350;69,2160111464664;6544,05923566592;64,5249885760145;Culoz-Béon
690781810 - HOSPICES CIVILS DE LYON;690007539 - HÔPITAL FEMME MERE ENFANT;84;42;42600;68,8713060067166;32225,51018332455;121,2774488044136;Montbrison
690781810 - HOSPICES CIVILS DE LYON;690007539 - HÔPITAL FEMME MERE ENFANT;27;71;71260;68,6744306416917;10077,98593407440;69,3646153415224;Viré
690781810 - HOSPICES CIVILS DE LYON;690007539 - HÔPITAL FEMME MERE ENFANT;27;39;39570;67,0764037447299;18696,02308012198;74,4437690569432;Montmorot
690781810 - HOSPICES CIVILS DE LYON;690007539 - HÔPITAL FEMME MERE ENFANT;27;71;71150;64,2933744320827;14834,23493714781;111,3433186543807;NA
690781810 - HOSPICES CIVILS DE LYON;690007539 - HÔPITAL FEMME MERE ENFANT;27;71;71600;63,5353217011083;14560,86800745562;72,6977331734433;NA
690781810 - HOSPICES CIVILS DE LYON;690007539 - HÔPITAL FEMME MERE ENFANT;84;26;26110;63,3888867181762;14167,41618151239;37,2769597020496;NA
690781810 - HOSPICES CIVILS DE LYON;690007539 - HÔPITAL FEMME MERE ENFANT;84;03;03240;62,5327318523686;3778,76365336456;17,8427955330658;Tronget
690781810 - HOSPICES CIVILS DE LYON;690007539 - HÔPITAL FEMME MERE ENFANT;27;39;39C02;60,7558766397210;4197,67874965345;33,4441202119676;NA
690781810 - HOSPICES CIVILS DE LYON;690007539 - HÔPITAL FEMME MERE ENFANT;27;71;71500;60,2062219259511;15637,37629322995;84,4353785367989;Louhans
690781810 - HOSPICES CIVILS DE LYON;690007539 - HÔPITAL FEMME MERE ENFANT;94;2A;2AC19;58,3668943789379;25559,39365666762;24,6765040725304;Zonza/Sotta/Porto-Vecchio/Pianottoli-Caldarello/Monacia-D'aullène/Figari/Conca/Bonifacio
690781810 - HOSPICES CIVILS DE LYON;690007539 - HÔPITAL FEMME MERE ENFANT;27;71;71850;54,9019053829332;7233,35186838660;594,7767987966736;Charnay-Lès-Mâcon
690781810 - HOSPICES CIVILS DE LYON;690007539 - HÔPITAL FEMME MERE ENFANT;27;71;71300;54,4952596635044;21171,41959078466;153,1584404187832;Montceau-Les-Mines
690781810 - HOSPICES CIVILS DE LYON;690007539 - HÔPITAL FEMME MERE ENFANT;84;42;42700;53,5669862010625;17082,18426276738;1648,5420290945301;Firminy
690781810 - HOSPICES CIVILS DE LYON;690007539 - HÔPITAL FEMME MERE ENFANT;27;71;71200;47,4060333224112;23780,59017027864;734,5514405307839;Le Creusot
690781810 - HOSPICES CIVILS DE LYON;690007539 - HÔPITAL FEMME MERE ENFANT;84;69;69999;NA;NA;NA;NA
