BirthYear,Age,YearJan1,M,F
2024,0,2025,301453,287999
2023,1,2025,308901,294573
2022,2,2025,332212,317069
2021,3,2025,344601,328512
2020,4,2025,346235,330577
2019,5,2025,359748,341678
2018,6,2025,365844,347094
2017,7,2025,372881,355028
2016,8,2025,384236,363882
2015,9,2025,395033,374500
2014,10,2025,405004,386324
2013,11,2025,409163,389209
2012,12,2025,416439,397279
2011,13,2025,419302,399605
2010,14,2025,432367,411121
2009,15,2025,430398,405336
2008,16,2025,434589,405417
2007,17,2025,426055,398902
2006,18,2025,427346,396712
2005,19,2025,409797,381817
2004,20,2025,398694,372929
2003,21,2025,386432,366210
2002,22,2025,388189,370901
2001,23,2025,393044,377281
2000,24,2025,398245,386774
1999,25,2025,380268,371137
1998,26,2025,377560,375980
1997,27,2025,376144,372489
1996,28,2025,377817,379305
1995,29,2025,379678,381498
1994,30,2025,371781,379427
1993,31,2025,375710,381326
1992,32,2025,392133,401474
1991,33,2025,395491,406551
1990,34,2025,407684,417120
1989,35,2025,405450,417294
1988,36,2025,409674,424552
1987,37,2025,408261,427065
1986,38,2025,411476,430571
1985,39,2025,410110,428871
1984,40,2025,402008,423610
1983,41,2025,398381,418182
1982,42,2025,420655,438435
1981,43,2025,421756,439714
1980,44,2025,428437,445987
1979,45,2025,403978,418104
1978,46,2025,397066,407180
1977,47,2025,398108,405658
1976,48,2025,386977,392411
1975,49,2025,397111,402655
1974,50,2025,417742,422109
1973,51,2025,435200,443184
1972,52,2025,445198,451700
1971,53,2025,439136,450383
1970,54,2025,429890,440667
1969,55,2025,420388,436403
1968,56,2025,414195,430761
1967,57,2025,412373,428504
1966,58,2025,421051,438418
1965,59,2025,419119,439206
1964,60,2025,421577,444799
1963,61,2025,410634,439182
1962,62,2025,394783,422823
1961,63,2025,391543,421416
1960,64,2025,386674,420115
1959,65,2025,380100,417664
1958,66,2025,365499,408562
1957,67,2025,359819,406110
1956,68,2025,351145,402608
1955,69,2025,343364,398080
1954,70,2025,339306,393086
1953,71,2025,327410,386158
1952,72,2025,327788,392481
1951,73,2025,316887,379706
1950,74,2025,325230,389111
1949,75,2025,314602,384197
1948,76,2025,308454,373109
1947,77,2025,293511,362565
1946,78,2025,269848,337877
1945,79,2025,195728,249255
1944,80,2025,184123,239716
1943,81,2025,173385,229390
1942,82,2025,153342,208320
1941,83,2025,129243,180837
1940,84,2025,125659,183641
1939,85,2025,121402,187885
1938,86,2025,110586,175633
1937,87,2025,98460,164003
1936,88,2025,87650,155224
1935,89,2025,73333,141021
1934,90,2025,64055,129560
1933,91,2025,51033,112161
1932,92,2025,42702,101777
1931,93,2025,33409,85346
1930,94,2025,24242,69585
1929,95,2025,16644,51809
1928,96,2025,11654,40456
1927,97,2025,7398,29371
1926,98,2025,5115,21788
1925,99,2025,2975,15077
1924,100,2025,1882,9873
1923,101,2025,1092,7036
1922,102,2025,638,4292
1921,103,2025,435,2695
1920,104,2025,312,1643
1919 ou avant,105+,2025,258,1113
2020,0,"2,021","334,586","322,542"
2019,1,"2,021","346,853","330,223"
2018,2,"2,021","351,035","334,341"
2017,3,"2,021","358,071","343,102"
2016,4,"2,021","372,072","353,680"
2015,5,"2,021","382,644","365,301"
2014,6,"2,021","393,693","378,429"
2013,7,"2,021","398,361","381,186"
2012,8,"2,021","407,057","387,572"
2011,9,"2,021","409,672","390,952"
2010,10,"2,021","420,264","402,125"
2009,11,"2,021","416,940","395,588"
2008,12,"2,021","419,991","397,743"
2007,13,"2,021","414,255","396,190"
2006,14,"2,021","422,701","400,495"
2005,15,"2,021","416,448","394,261"
2004,16,"2,021","413,283","389,240"
2003,17,"2,021","407,685","384,204"
2002,18,"2,021","408,134","384,073"
2001,19,"2,021","408,986","383,249"
2000,20,"2,021","410,175","387,245"
1999,21,"2,021","385,477","365,842"
1998,22,"2,021","377,303","364,230"
1997,23,"2,021","368,343","356,999"
1996,24,"2,021","366,450","360,350"
1995,25,"2,021","364,483","359,028"
1994,26,"2,021","351,775","355,610"
1993,27,"2,021","353,515","356,573"
1992,28,"2,021","368,042","375,836"
1991,29,"2,021","374,166","382,861"
1990,30,"2,021","386,471","393,782"
1989,31,"2,021","385,621","397,642"
1988,32,"2,021","392,991","408,945"
1987,33,"2,021","390,681","410,749"
1986,34,"2,021","396,669","416,461"
1985,35,"2,021","396,087","416,012"
1984,36,"2,021","390,851","411,436"
1983,37,"2,021","387,536","407,262"
1982,38,"2,021","413,121","430,417"
1981,39,"2,021","416,199","432,392"
1980,40,"2,021","421,831","439,823"
1979,41,"2,021","398,914","414,623"
1978,42,"2,021","391,390","403,489"
1977,43,"2,021","393,516","402,895"
1976,44,"2,021","383,368","390,749"
1975,45,"2,021","394,662","402,738"
1974,46,"2,021","417,035","423,002"
1973,47,"2,021","436,706","444,389"
1972,48,"2,021","449,371","453,216"
1971,49,"2,021","444,794","451,330"
1970,50,"2,021","433,968","441,834"
1969,51,"2,021","425,260","436,878"
1968,52,"2,021","417,704","431,508"
1967,53,"2,021","416,613","430,282"
1966,54,"2,021","426,093","440,720"
1965,55,"2,021","423,833","442,164"
1964,56,"2,021","428,106","448,119"
1963,57,"2,021","420,675","442,498"
1962,58,"2,021","404,460","428,120"
1961,59,"2,021","403,678","429,972"
1960,60,"2,021","399,062","428,575"
1959,61,"2,021","393,999","427,880"
1958,62,"2,021","381,969","417,321"
1957,63,"2,021","378,632","415,655"
1956,64,"2,021","371,956","413,060"
1955,65,"2,021","364,404","410,373"
1954,66,"2,021","360,815","406,463"
1953,67,"2,021","351,186","398,971"
1952,68,"2,021","353,753","405,634"
1951,69,"2,021","343,714","392,567"
1950,70,"2,021","354,520","404,676"
1949,71,"2,021","343,994","398,991"
1948,72,"2,021","341,298","394,816"
1947,73,"2,021","328,599","385,209"
1946,74,"2,021","306,496","363,762"
1945,75,"2,021","225,181","271,799"
1944,76,"2,021","215,762","263,761"
1943,77,"2,021","206,233","255,324"
1942,78,"2,021","186,569","234,755"
1941,79,"2,021","160,445","207,663"
1940,80,"2,021","160,712","213,330"
1939,81,"2,021","160,285","223,211"
1938,82,"2,021","151,066","214,585"
1937,83,"2,021","140,015","207,095"
1936,84,"2,021","132,035","202,957"
1935,85,"2,021","116,521","191,845"
1934,86,"2,021","108,234","186,337"
1933,87,"2,021","93,518","170,940"
1932,88,"2,021","84,770","164,156"
1931,89,"2,021","71,717","147,205"
1930,90,"2,021","59,516","130,993"
1929,91,"2,021","46,392","108,595"
1928,92,"2,021","36,894","93,834"
1927,93,"2,021","27,693","77,221"
1926,94,"2,021","21,147","64,387"
1925,95,"2,021","14,907","50,635"
1924,96,"2,021","10,362","38,193"
1923,97,"2,021","7,271","29,374"
1922,98,"2,021","4,814","21,006"
1921,99,"2,021","3,313","15,181"
1920,100,"2,021","1,935","10,637"
1919,101,"2,021",683,"4,027"
1918,102,"2,021",308,"2,139"
1917,103,"2,021",231,"1,349"
1916,104,"2,021",114,690
1915 ou avant,105+,"2,021",315,"1,500"
2014,0,"2,015","375,168","363,284"
2013,1,"2,015","383,123","364,843"
2012,2,"2,015","391,355","371,965"
2011,3,"2,015","394,520","379,606"
2010,4,"2,015","406,584","390,146"
2009,5,"2,015","406,632","386,870"
2008,6,"2,015","409,140","390,527"
2007,7,"2,015","406,463","388,045"
2006,8,"2,015","414,455","395,685"
2005,9,"2,015","404,902","386,633"
2004,10,"2,015","403,149","386,448"
2003,11,"2,015","401,147","384,050"
2002,12,"2,015","403,445","384,728"
2001,13,"2,015","411,877","392,454"
2000,14,"2,015","420,164","399,712"
1999,15,"2,015","402,838","381,531"
1998,16,"2,015","399,999","381,335"
1997,17,"2,015","392,434","371,850"
1996,18,"2,015","392,700","375,854"
1995,19,"2,015","386,661","369,456"
1994,20,"2,015","370,420","358,113"
1993,21,"2,015","366,000","353,569"
1992,22,"2,015","379,562","368,634"
1991,23,"2,015","377,459","372,915"
1990,24,"2,015","380,590","379,468"
1989,25,"2,015","377,296","381,913"
1988,26,"2,015","378,678","385,623"
1987,27,"2,015","377,431","387,680"
1986,28,"2,015","381,302","396,510"
1985,29,"2,015","382,969","395,359"
1984,30,"2,015","379,387","394,828"
1983,31,"2,015","375,137","391,038"
1982,32,"2,015","400,729","415,007"
1981,33,"2,015","405,319","419,663"
1980,34,"2,015","411,838","425,616"
1979,35,"2,015","390,600","403,082"
1978,36,"2,015","384,655","394,750"
1977,37,"2,015","391,968","396,111"
1976,38,"2,015","380,736","388,019"
1975,39,"2,015","393,138","398,248"
1974,40,"2,015","415,704","420,190"
1973,41,"2,015","439,660","445,975"
1972,42,"2,015","449,658","454,355"
1971,43,"2,015","447,671","451,595"
1970,44,"2,015","440,163","443,356"
1969,45,"2,015","431,669","438,429"
1968,46,"2,015","425,475","437,055"
1967,47,"2,015","424,675","435,288"
1966,48,"2,015","433,789","445,068"
1965,49,"2,015","434,994","446,328"
1964,50,"2,015","437,914","452,879"
1963,51,"2,015","432,848","447,856"
1962,52,"2,015","416,451","432,147"
1961,53,"2,015","416,994","433,850"
1960,54,"2,015","414,228","433,822"
1959,55,"2,015","409,560","433,361"
1958,56,"2,015","400,668","423,664"
1957,57,"2,015","397,491","423,483"
1956,58,"2,015","393,169","421,418"
1955,59,"2,015","387,177","419,195"
1954,60,"2,015","387,088","417,867"
1953,61,"2,015","377,896","409,981"
1952,62,"2,015","382,912","415,810"
1951,63,"2,015","373,488","406,119"
1950,64,"2,015","386,639","421,895"
1949,65,"2,015","378,549","415,406"
1948,66,"2,015","377,067","411,124"
1947,67,"2,015","367,519","404,792"
1946,68,"2,015","345,174","384,174"
1945,69,"2,015","257,275","289,819"
1944,70,"2,015","249,578","283,792"
1943,71,"2,015","241,173","276,744"
1942,72,"2,015","221,541","255,229"
1941,73,"2,015","194,381","229,141"
1940,74,"2,015","198,298","240,148"
1939,75,"2,015","204,311","251,415"
1938,76,"2,015","196,714","248,812"
1937,77,"2,015","187,168","244,820"
1936,78,"2,015","182,243","245,451"
1935,79,"2,015","171,106","240,048"
1934,80,"2,015","167,122","241,374"
1933,81,"2,015","152,758","229,616"
1932,82,"2,015","148,597","231,904"
1931,83,"2,015","135,896","220,001"
1930,84,"2,015","124,404","212,889"
1929,85,"2,015","106,880","190,125"
1928,86,"2,015","94,677","178,160"
1927,87,"2,015","81,811","161,250"
1926,88,"2,015","69,796","148,225"
1925,89,"2,015","59,408","133,516"
1924,90,"2,015","48,260","115,042"
1923,91,"2,015","38,941","100,016"
1922,92,"2,015","30,835","85,428"
1921,93,"2,015","24,501","71,552"
1920,94,"2,015","18,505","57,879"
1919,95,"2,015","8,269","27,572"
1918,96,"2,015","4,897","18,315"
1917,97,"2,015","2,930","12,527"
1916,98,"2,015","1,777","8,178"
1915,99,"2,015","1,497","6,981"
1914,100,"2,015","1,508","7,673"
1913,101,"2,015",816,"4,881"
1912,102,"2,015",478,"3,031"
1911,103,"2,015",314,"1,774"
1910,104,"2,015",204,"1,170"
1909 ou avant,105+,"2,015",257,"1,287"
2009,0,"2,010","393,249","376,013"
2008,1,"2,010","393,576","377,672"
2007,2,"2,010","391,177","374,296"
2006,3,"2,010","399,761","382,083"
2005,4,"2,010","393,093","376,120"
2004,5,"2,010","392,315","373,447"
2003,6,"2,010","390,131","374,353"
2002,7,"2,010","395,924","376,001"
2001,8,"2,010","400,289","383,776"
2000,9,"2,010","409,903","389,857"
1999,10,"2,010","393,672","374,496"
1998,11,"2,010","390,961","372,128"
1997,12,"2,010","385,722","365,567"
1996,13,"2,010","390,237","371,338"
1995,14,"2,010","387,091","369,763"
1994,15,"2,010","378,053","360,876"
1993,16,"2,010","381,934","363,964"
1992,17,"2,010","401,391","382,828"
1991,18,"2,010","404,956","388,382"
1990,19,"2,010","409,174","391,023"
1989,20,"2,010","403,259","391,945"
1988,21,"2,010","399,467","390,223"
1987,22,"2,010","391,458","386,044"
1986,23,"2,010","390,345","390,034"
1985,24,"2,010","383,119","386,266"
1984,25,"2,010","374,785","382,868"
1983,26,"2,010","369,222","375,467"
1982,27,"2,010","392,460","400,115"
1981,28,"2,010","395,166","405,981"
1980,29,"2,010","400,790","410,905"
1979,30,"2,010","380,265","389,351"
1978,31,"2,010","374,559","381,016"
1977,32,"2,010","380,670","387,193"
1976,33,"2,010","372,446","376,795"
1975,34,"2,010","386,305","389,737"
1974,35,"2,010","411,234","413,518"
1973,36,"2,010","434,119","438,887"
1972,37,"2,010","448,101","451,309"
1971,38,"2,010","447,907","450,019"
1970,39,"2,010","437,969","442,734"
1969,40,"2,010","431,093","436,933"
1968,41,"2,010","427,823","436,319"
1967,42,"2,010","426,268","433,479"
1966,43,"2,010","437,489","445,772"
1965,44,"2,010","439,194","446,652"
1964,45,"2,010","442,589","455,899"
1963,46,"2,010","436,765","449,885"
1962,47,"2,010","422,251","436,647"
1961,48,"2,010","423,918","439,058"
1960,49,"2,010","420,868","436,044"
1959,50,"2,010","419,625","435,614"
1958,51,"2,010","408,386","428,305"
1957,52,"2,010","408,140","427,642"
1956,53,"2,010","403,343","426,368"
1955,54,"2,010","399,057","424,236"
1954,55,"2,010","401,266","422,634"
1953,56,"2,010","393,442","415,304"
1952,57,"2,010","400,220","424,898"
1951,58,"2,010","392,108","414,392"
1950,59,"2,010","408,678","430,955"
1949,60,"2,010","400,826","424,147"
1948,61,"2,010","401,698","423,082"
1947,62,"2,010","391,265","413,926"
1946,63,"2,010","370,221","394,313"
1945,64,"2,010","277,190","298,497"
1944,65,"2,010","269,742","294,225"
1943,66,"2,010","262,186","285,698"
1942,67,"2,010","242,988","266,322"
1941,68,"2,010","213,864","240,133"
1940,69,"2,010","221,850","252,384"
1939,70,"2,010","229,530","269,272"
1938,71,"2,010","222,649","266,725"
1937,72,"2,010","216,477","262,219"
1936,73,"2,010","213,578","265,639"
1935,74,"2,010","204,703","263,583"
1934,75,"2,010","204,568","268,383"
1933,76,"2,010","191,039","260,846"
1932,77,"2,010","192,359","267,814"
1931,78,"2,010","179,819","259,904"
1930,79,"2,010","173,226","258,477"
1929,80,"2,010","154,668","239,257"
1928,81,"2,010","143,390","230,687"
1927,82,"2,010","129,927","218,789"
1926,83,"2,010","118,948","209,817"
1925,84,"2,010","107,468","198,374"
1924,85,"2,010","93,407","182,087"
1923,86,"2,010","81,879","168,682"
1922,87,"2,010","72,071","155,248"
1921,88,"2,010","63,371","142,617"
1920,89,"2,010","54,211","126,947"
1919,90,"2,010","26,277","66,538"
1918,91,"2,010","18,181","50,296"
1917,92,"2,010","12,685","38,437"
1916,93,"2,010","9,031","29,261"
1915,94,"2,010","8,003","28,480"
1914,95,"2,010","9,243","34,645"
1913,96,"2,010","6,219","25,583"
1912,97,"2,010","4,098","18,698"
1911,98,"2,010","2,539","12,733"
1910,99,"2,010","1,597","9,008"
1909,100,"2,010",918,"5,603"
1908,101,"2,010",545,"3,547"
1907,102,"2,010",264,"1,966"
1906,103,"2,010",162,"1,291"
1905,104,"2,010",86,656
1904 ou avant,105+,"2,010",206,"1,023"
