DepCode;age_group;Year;p_FIRESP
01;0-1;2016;0,040482342807924204
01;0-1;2017;0,045371219065077913
01;0-1;2018;0,034360189573459717
01;0-1;2019;0,037529319781078971
01;0-1;2020;0,041484716157205240
01;0-1;2021;0,037097833223900194
01;0-1;2022;0,044009085746734809
01;0-1;2023;0,045066045066045064
01;0-1;2024;0,039874902267396400
01;0-1;2025;0,037359900373599000
01;2-4;2016;0,035555555555555556
01;2-4;2017;0,039170506912442393
01;2-4;2018;0,032710280373831772
01;2-4;2019;0,053173241852487133
01;2-4;2020;0,024208566108007448
01;2-4;2021;0,035714285714285712
01;2-4;2022;0,042321644498186213
01;2-4;2023;0,032258064516129031
01;2-4;2024;0,026269702276707531
01;2-4;2025;0,042307692307692310
01;5-17;2016;0,064864864864864868
01;5-17;2017;0,022388059701492536
01;5-17;2018;0,028865979381443300
01;5-17;2019;0,042944785276073622
01;5-17;2020;0,042617960426179602
01;5-17;2021;0,031496062992125984
01;5-17;2022;0,029748283752860413
01;5-17;2023;0,039835164835164832
01;5-17;2024;0,028312570781426953
01;5-17;2025;0,030534351145038167
01;18-64;2016;0,018292682926829267
01;18-64;2017;0,032800672834314551
01;18-64;2018;0,032630863358259689
01;18-64;2019;0,028215767634854772
01;18-64;2020;0,042817679558011051
01;18-64;2021;0,035458452722063036
01;18-64;2022;0,039081716315933317
01;18-64;2023;0,030219780219780220
01;18-64;2024;0,026481149012567325
01;18-64;2025;0,030864197530864196
01;65-79;2016;0,031034482758620689
01;65-79;2017;0,031525851197982346
01;65-79;2018;0,036188178528347409
01;65-79;2019;0,026957637997432605
01;65-79;2020;0,042832167832167832
01;65-79;2021;0,052734375000000000
01;65-79;2022;0,052662037037037035
01;65-79;2023;0,038616251005631534
01;65-79;2024;0,038827258320126783
01;65-79;2025;0,044887780548628430
01;80+;2016;0,039840637450199202
01;80+;2017;0,052894924946390282
01;80+;2018;0,060856498873027798
01;80+;2019;0,043103448275862072
01;80+;2020;0,048137535816618914
01;80+;2021;0,061996779388083734
01;80+;2022;0,039550213260953856
01;80+;2023;0,037735849056603772
01;80+;2024;0,039738195418419824
01;80+;2025;0,042500000000000003
02;18-64;2021;0,000358166189111748
02;80+;2016;0,001992031872509960
03;0-1;2017;0,000458295142071494
03;0-1;2019;0,000390930414386239
03;0-1;2025;0,002490660024906600
03;2-4;2022;0,002418379685610641
03;5-17;2021;0,003937007874015748
03;5-17;2022;0,001144164759725400
03;18-64;2019;0,000829875518672199
03;18-64;2023;0,000915750915750916
03;65-79;2017;0,001261034047919294
04;0-1;2018;0,000394944707740916
04;0-1;2024;0,000390930414386239
04;18-64;2020;0,000690607734806630
04;18-64;2023;0,000915750915750916
04;18-64;2024;0,000448833034111311
05;0-1;2018;0,000394944707740916
05;0-1;2024;0,000390930414386239
05;18-64;2019;0,001659751037344398
05;18-64;2022;0,000273298715496037
05;18-64;2024;0,000448833034111311
05;65-79;2016;0,003448275862068965
05;80+;2016;0,001992031872509960
06;0-1;2018;0,000394944707740916
06;0-1;2022;0,000567859170925610
06;2-4;2018;0,001557632398753894
06;18-64;2017;0,000841042893187553
06;18-64;2018;0,002039428959891231
06;18-64;2020;0,000345303867403315
06;18-64;2021;0,001432664756446991
06;18-64;2022;0,000819896146488112
06;18-64;2024;0,000448833034111311
06;65-79;2022;0,000578703703703704
06;65-79;2023;0,000804505229283990
06;65-79;2024;0,000792393026941363
06;80+;2019;0,000718390804597701
06;80+;2024;0,000467508181393174
07;0-1;2017;0,000916590284142988
07;0-1;2018;0,001974723538704581
07;0-1;2019;0,001563721657544957
07;0-1;2020;0,000727802037845706
07;0-1;2022;0,000567859170925610
07;0-1;2023;0,001165501165501166
07;0-1;2024;0,000390930414386239
07;0-1;2025;0,001245330012453300
07;2-4;2016;0,004444444444444444
07;2-4;2018;0,003115264797507788
07;2-4;2019;0,001715265866209262
07;2-4;2022;0,001209189842805320
07;5-17;2018;0,004123711340206186
07;5-17;2019;0,002044989775051125
07;5-17;2022;0,002288329519450801
07;5-17;2023;0,002747252747252747
07;18-64;2016;0,002032520325203252
07;18-64;2017;0,002523128679562658
07;18-64;2018;0,004078857919782461
07;18-64;2019;0,003319502074688797
07;18-64;2020;0,001381215469613260
07;18-64;2021;0,001790830945558739
07;18-64;2022;0,001366493577480186
07;18-64;2023;0,001831501831501832
07;18-64;2024;0,001795332136445242
07;18-64;2025;0,001028806584362140
07;65-79;2016;0,006896551724137931
07;65-79;2017;0,002522068095838588
07;65-79;2018;0,001206272617611580
07;65-79;2020;0,002622377622377622
07;65-79;2021;0,004882812500000000
07;65-79;2022;0,000578703703703704
07;65-79;2023;0,001609010458567981
07;65-79;2024;0,002377179080824089
07;65-79;2025;0,004987531172069825
07;80+;2020;0,000573065902578797
07;80+;2021;0,001610305958132045
07;80+;2022;0,001938735944164405
07;80+;2023;0,001380579843534284
07;80+;2024;0,000467508181393174
08;65-79;2021;0,000976562500000000
08;80+;2020;0,000573065902578797
08;80+;2024;0,000467508181393174
10;0-1;2022;0,000283929585462805
10;18-64;2020;0,000345303867403315
10;18-64;2021;0,000358166189111748
10;18-64;2022;0,000273298715496037
10;18-64;2023;0,000457875457875458
10;80+;2017;0,000714796283059328
10;80+;2022;0,000387747188832881
11;0-1;2019;0,000390930414386239
11;0-1;2022;0,000283929585462805
11;0-1;2024;0,000781860828772478
11;2-4;2024;0,001751313485113835
11;18-64;2022;0,000546597430992074
11;65-79;2020;0,000874125874125874
11;65-79;2022;0,000578703703703704
11;65-79;2024;0,000792393026941363
11;80+;2024;0,000467508181393174
12;0-1;2016;0,000861326442721792
13;0-1;2016;0,002583979328165375
13;0-1;2017;0,001374885426214482
13;0-1;2018;0,000394944707740916
13;0-1;2019;0,002345582486317436
13;0-1;2020;0,001455604075691412
13;0-1;2021;0,000984898227183191
13;0-1;2022;0,000567859170925610
13;0-1;2023;0,001554001554001554
13;0-1;2024;0,000781860828772478
13;0-1;2025;0,001245330012453300
13;2-4;2017;0,002304147465437788
13;2-4;2018;0,003115264797507788
13;2-4;2020;0,001862197392923650
13;5-17;2017;0,003731343283582089
13;5-17;2021;0,003937007874015748
13;5-17;2024;0,001132502831257078
13;18-64;2017;0,003364171572750210
13;18-64;2018;0,000679809653297077
13;18-64;2019;0,000829875518672199
13;18-64;2020;0,001381215469613260
13;18-64;2021;0,001432664756446991
13;18-64;2022;0,001093194861984149
13;18-64;2023;0,001373626373626374
13;18-64;2024;0,001795332136445242
13;65-79;2017;0,003783102143757881
13;65-79;2018;0,001206272617611580
13;65-79;2021;0,000976562500000000
13;65-79;2024;0,000792393026941363
13;80+;2017;0,000714796283059328
13;80+;2019;0,001436781609195402
13;80+;2020;0,000573065902578797
13;80+;2022;0,000775494377665762
13;80+;2023;0,000460193281178095
13;80+;2024;0,000467508181393174
14;0-1;2017;0,000458295142071494
14;0-1;2019;0,000390930414386239
14;0-1;2022;0,000283929585462805
14;2-4;2022;0,001209189842805320
14;5-17;2018;0,002061855670103093
14;18-64;2021;0,000358166189111748
14;18-64;2025;0,001028806584362140
14;65-79;2022;0,000578703703703704
14;80+;2020;0,000573065902578797
15;0-1;2017;0,000458295142071494
15;0-1;2023;0,000388500388500389
15;5-17;2022;0,002288329519450801
15;18-64;2018;0,001359619306594154
15;80+;2024;0,000467508181393174
16;18-64;2019;0,000829875518672199
17;0-1;2017;0,000458295142071494
17;0-1;2024;0,000390930414386239
17;18-64;2018;0,000679809653297077
17;18-64;2022;0,000273298715496037
17;18-64;2025;0,001028806584362140
17;65-79;2025;0,002493765586034913
17;80+;2023;0,000460193281178095
17;80+;2025;0,001250000000000000
18;0-1;2018;0,000394944707740916
18;0-1;2019;0,000390930414386239
18;0-1;2021;0,000328299409061064
18;0-1;2023;0,000388500388500389
18;18-64;2021;0,000358166189111748
18;18-64;2024;0,000448833034111311
18;65-79;2018;0,001206272617611580
18;65-79;2019;0,001283697047496791
18;80+;2025;0,001250000000000000
19;0-1;2019;0,000390930414386239
19;0-1;2022;0,000283929585462805
19;0-1;2024;0,001563721657544957
19;5-17;2022;0,001144164759725400
19;18-64;2021;0,000358166189111748
19;65-79;2023;0,000804505229283990
19;80+;2022;0,000387747188832881
20;65-79;2017;0,001261034047919294
20;65-79;2024;0,000792393026941363
20;80+;2024;0,000467508181393174
21;0-1;2016;0,000861326442721792
21;0-1;2019;0,000781860828772478
21;0-1;2022;0,000283929585462805
21;2-4;2020;0,001862197392923650
21;2-4;2022;0,001209189842805320
21;2-4;2025;0,003846153846153846
21;18-64;2018;0,000679809653297077
21;18-64;2021;0,000358166189111748
21;18-64;2022;0,000273298715496037
21;18-64;2023;0,002289377289377289
21;18-64;2024;0,000448833034111311
21;65-79;2017;0,001261034047919294
21;65-79;2022;0,001736111111111111
21;80+;2022;0,000387747188832881
22;0-1;2020;0,000727802037845706
22;0-1;2021;0,000328299409061064
22;18-64;2023;0,000457875457875458
22;80+;2023;0,000920386562356190
23;18-64;2022;0,000273298715496037
23;65-79;2023;0,000804505229283990
24;0-1;2021;0,000328299409061064
24;2-4;2018;0,001557632398753894
24;2-4;2024;0,001751313485113835
25;0-1;2016;0,000861326442721792
25;0-1;2017;0,000916590284142988
25;0-1;2018;0,000394944707740916
25;0-1;2019;0,000781860828772478
25;0-1;2023;0,000388500388500389
25;0-1;2024;0,001172791243158718
25;5-17;2017;0,003731343283582089
25;18-64;2019;0,002489626556016597
25;18-64;2020;0,000690607734806630
25;18-64;2022;0,001093194861984149
25;18-64;2023;0,000457875457875458
25;18-64;2024;0,000448833034111311
25;65-79;2020;0,000874125874125874
25;65-79;2022;0,000578703703703704
25;65-79;2025;0,002493765586034913
26;0-1;2016;0,002583979328165375
26;0-1;2017;0,003208065994500459
26;0-1;2018;0,003949447077409162
26;0-1;2019;0,001954652071931196
26;0-1;2020;0,005094614264919942
26;0-1;2021;0,001969796454366382
26;0-1;2022;0,001703577512776831
26;0-1;2023;0,002331002331002331
26;0-1;2024;0,001954652071931196
26;0-1;2025;0,001245330012453300
26;2-4;2017;0,002304147465437788
26;2-4;2019;0,003430531732418525
26;2-4;2020;0,007448789571694600
26;2-4;2021;0,004201680672268907
26;2-4;2022;0,006045949214026602
26;2-4;2023;0,009487666034155597
26;2-4;2024;0,001751313485113835
26;5-17;2018;0,002061855670103093
26;5-17;2019;0,008179959100204500
26;5-17;2020;0,004566210045662100
26;5-17;2021;0,003937007874015748
26;5-17;2023;0,004120879120879121
26;5-17;2024;0,005662514156285390
26;5-17;2025;0,002544529262086514
26;18-64;2016;0,002032520325203252
26;18-64;2017;0,005887300252312868
26;18-64;2018;0,002039428959891231
26;18-64;2019;0,000829875518672199
26;18-64;2020;0,003798342541436464
26;18-64;2021;0,001790830945558739
26;18-64;2022;0,002459688439464335
26;18-64;2023;0,002747252747252747
26;18-64;2024;0,001346499102333932
26;18-64;2025;0,001028806584362140
26;65-79;2016;0,003448275862068965
26;65-79;2017;0,002522068095838588
26;65-79;2018;0,001206272617611580
26;65-79;2019;0,002567394094993581
26;65-79;2020;0,000874125874125874
26;65-79;2021;0,001953125000000000
26;65-79;2022;0,002893518518518518
26;65-79;2023;0,000804505229283990
26;65-79;2024;0,000792393026941363
26;65-79;2025;0,002493765586034913
26;80+;2016;0,001992031872509960
26;80+;2018;0,000751314800901578
26;80+;2020;0,000573065902578797
26;80+;2021;0,001610305958132045
26;80+;2022;0,001550988755331524
26;80+;2024;0,001402524544179523
26;80+;2025;0,001250000000000000
27;0-1;2019;0,000390930414386239
27;18-64;2017;0,000841042893187553
27;18-64;2020;0,000345303867403315
27;18-64;2022;0,000273298715496037
27;18-64;2024;0,000448833034111311
27;65-79;2019;0,001283697047496791
27;65-79;2022;0,000578703703703704
28;18-64;2018;0,000679809653297077
28;18-64;2022;0,000273298715496037
29;0-1;2018;0,000394944707740916
29;0-1;2021;0,000656598818122127
29;0-1;2022;0,000283929585462805
29;2-4;2023;0,001897533206831120
29;5-17;2019;0,002044989775051125
29;5-17;2020;0,001522070015220700
29;18-64;2017;0,000841042893187553
29;18-64;2018;0,000679809653297077
29;18-64;2021;0,000358166189111748
29;18-64;2025;0,001028806584362140
29;80+;2023;0,000460193281178095
30;0-1;2016;0,000861326442721792
30;0-1;2017;0,000458295142071494
30;0-1;2018;0,000394944707740916
30;0-1;2020;0,000727802037845706
30;0-1;2021;0,000656598818122127
30;0-1;2024;0,000781860828772478
30;5-17;2020;0,001522070015220700
30;5-17;2022;0,001144164759725400
30;5-17;2025;0,002544529262086514
30;18-64;2018;0,000679809653297077
30;18-64;2019;0,001659751037344398
30;18-64;2020;0,000345303867403315
30;18-64;2021;0,000358166189111748
30;18-64;2022;0,000546597430992074
30;18-64;2024;0,000897666068222621
30;65-79;2017;0,002522068095838588
30;65-79;2020;0,000874125874125874
30;65-79;2024;0,000792393026941363
30;65-79;2025;0,002493765586034913
30;80+;2020;0,000573065902578797
31;0-1;2016;0,001722652885443583
31;0-1;2020;0,000727802037845706
31;0-1;2021;0,000328299409061064
31;0-1;2022;0,000283929585462805
31;2-4;2017;0,002304147465437788
31;5-17;2018;0,002061855670103093
31;18-64;2017;0,000841042893187553
31;18-64;2018;0,001359619306594154
31;18-64;2019;0,000829875518672199
31;18-64;2021;0,000358166189111748
31;18-64;2023;0,000457875457875458
31;18-64;2024;0,000897666068222621
31;65-79;2022;0,000578703703703704
33;0-1;2016;0,000861326442721792
33;0-1;2020;0,000727802037845706
33;0-1;2021;0,000328299409061064
33;0-1;2022;0,000283929585462805
33;0-1;2023;0,000388500388500389
33;0-1;2024;0,000390930414386239
33;2-4;2018;0,001557632398753894
33;18-64;2022;0,000546597430992074
33;65-79;2020;0,000874125874125874
33;65-79;2022;0,000578703703703704
33;65-79;2025;0,002493765586034913
34;0-1;2016;0,000861326442721792
34;0-1;2017;0,000458295142071494
34;0-1;2018;0,001579778830963665
34;0-1;2019;0,000390930414386239
34;0-1;2020;0,000727802037845706
34;0-1;2021;0,000328299409061064
34;0-1;2022;0,000283929585462805
34;5-17;2022;0,001144164759725400
34;5-17;2023;0,001373626373626374
34;5-17;2024;0,001132502831257078
34;18-64;2017;0,003364171572750210
34;18-64;2018;0,000679809653297077
34;18-64;2019;0,001659751037344398
34;18-64;2020;0,000345303867403315
34;18-64;2021;0,000358166189111748
34;18-64;2022;0,001093194861984149
34;18-64;2023;0,000915750915750916
34;18-64;2024;0,000897666068222621
34;18-64;2025;0,003086419753086420
34;65-79;2017;0,001261034047919294
34;65-79;2022;0,001157407407407407
34;65-79;2024;0,000792393026941363
34;80+;2018;0,000751314800901578
34;80+;2022;0,000387747188832881
34;80+;2024;0,000467508181393174
35;0-1;2017;0,000458295142071494
35;0-1;2021;0,000328299409061064
35;0-1;2022;0,000283929585462805
35;5-17;2017;0,003731343283582089
35;18-64;2017;0,000841042893187553
35;18-64;2020;0,000345303867403315
35;18-64;2022;0,000273298715496037
35;18-64;2024;0,000448833034111311
35;65-79;2021;0,000976562500000000
37;0-1;2022;0,000851788756388416
37;18-64;2017;0,000841042893187553
37;18-64;2022;0,000273298715496037
37;65-79;2024;0,000792393026941363
37;80+;2019;0,000718390804597701
37;80+;2022;0,000387747188832881
38;0-1;2016;0,056847545219638244
38;0-1;2017;0,051787351054078827
38;0-1;2018;0,052922590837282783
38;0-1;2019;0,055512118842845973
38;0-1;2020;0,065502183406113537
38;0-1;2021;0,048260013131976365
38;0-1;2022;0,058205565019875068
38;0-1;2023;0,051670551670551672
38;0-1;2024;0,055903049257232211
38;0-1;2025;0,054794520547945202
38;2-4;2016;0,040000000000000001
38;2-4;2017;0,057603686635944701
38;2-4;2018;0,063862928348909651
38;2-4;2019;0,070325900514579764
38;2-4;2020;0,065176908752327747
38;2-4;2021;0,044117647058823532
38;2-4;2022;0,047158403869407499
38;2-4;2023;0,058823529411764705
38;2-4;2024;0,059544658493870403
38;2-4;2025;0,061538461538461542
38;5-17;2016;0,064864864864864868
38;5-17;2017;0,048507462686567165
38;5-17;2018;0,061855670103092786
38;5-17;2019;0,057259713701431493
38;5-17;2020;0,051750380517503802
38;5-17;2021;0,059055118110236220
38;5-17;2022;0,041189931350114416
38;5-17;2023;0,052197802197802200
38;5-17;2024;0,050962627406568518
38;5-17;2025;0,040712468193384227
38;18-64;2016;0,026422764227642278
38;18-64;2017;0,033641715727502103
38;18-64;2018;0,035350101971447993
38;18-64;2019;0,034024896265560163
38;18-64;2020;0,032803867403314917
38;18-64;2021;0,031160458452722063
38;18-64;2022;0,038535118884941238
38;18-64;2023;0,038003663003663000
38;18-64;2024;0,039497307001795330
38;18-64;2025;0,031893004115226338
38;65-79;2016;0,055172413793103448
38;65-79;2017;0,035308953341740230
38;65-79;2018;0,042219541616405308
38;65-79;2019;0,042362002567394093
38;65-79;2020;0,032342657342657344
38;65-79;2021;0,033203125000000000
38;65-79;2022;0,034722222222222224
38;65-79;2023;0,044247787610619468
38;65-79;2024;0,057052297939778132
38;65-79;2025;0,069825436408977551
38;80+;2016;0,011952191235059761
38;80+;2017;0,016440314510364547
38;80+;2018;0,017280240420736288
38;80+;2019;0,022988505747126436
38;80+;2020;0,018338108882521489
38;80+;2021;0,021739130434782608
38;80+;2022;0,025591314462970142
38;80+;2023;0,031293143120110445
38;80+;2024;0,039738195418419824
38;80+;2025;0,044999999999999998
39;5-17;2023;0,001373626373626374
39;18-64;2016;0,002032520325203252
39;18-64;2018;0,000679809653297077
39;18-64;2019;0,000829875518672199
39;18-64;2020;0,000345303867403315
39;18-64;2021;0,000358166189111748
39;18-64;2022;0,000273298715496037
39;65-79;2017;0,001261034047919294
39;65-79;2019;0,001283697047496791
39;65-79;2020;0,000874125874125874
39;65-79;2023;0,001609010458567981
39;80+;2017;0,001429592566118656
39;80+;2022;0,000775494377665762
40;0-1;2020;0,000727802037845706
40;18-64;2018;0,000679809653297077
40;18-64;2022;0,000273298715496037
41;0-1;2019;0,000390930414386239
41;0-1;2023;0,000388500388500389
41;18-64;2017;0,000841042893187553
41;18-64;2022;0,000546597430992074
41;65-79;2021;0,000976562500000000
42;0-1;2016;0,006029285099052541
42;0-1;2017;0,008707607699358386
42;0-1;2018;0,005134281200631911
42;0-1;2019;0,005473025801407350
42;0-1;2020;0,001455604075691412
42;0-1;2021;0,005909389363099146
42;0-1;2022;0,003691084611016468
42;0-1;2023;0,008158508158508158
42;0-1;2024;0,004300234558248631
42;0-1;2025;0,002490660024906600
42;2-4;2016;0,017777777777777778
42;2-4;2017;0,004608294930875576
42;2-4;2018;0,004672897196261682
42;2-4;2019;0,008576329331046312
42;2-4;2020;0,003724394785847300
42;2-4;2022;0,006045949214026602
42;2-4;2023;0,001897533206831120
42;2-4;2024;0,005253940455341506
42;2-4;2025;0,003846153846153846
42;5-17;2016;0,005405405405405406
42;5-17;2017;0,011194029850746268
42;5-17;2018;0,002061855670103093
42;5-17;2019;0,012269938650306749
42;5-17;2020;0,001522070015220700
42;5-17;2022;0,004576659038901602
42;5-17;2023;0,008241758241758242
42;5-17;2024;0,006795016987542469
42;5-17;2025;0,015267175572519083
42;18-64;2016;0,012195121951219513
42;18-64;2017;0,007569386038687973
42;18-64;2018;0,010876954452753228
42;18-64;2019;0,010788381742738589
42;18-64;2020;0,008287292817679558
42;18-64;2021;0,008595988538681949
42;18-64;2022;0,011751844766329598
42;18-64;2023;0,007326007326007326
42;18-64;2024;0,008976660682226212
42;18-64;2025;0,009259259259259259
42;65-79;2016;0,013793103448275862
42;65-79;2017;0,002522068095838588
42;65-79;2018;0,002412545235223160
42;65-79;2019;0,001283697047496791
42;65-79;2020;0,004370629370629371
42;65-79;2021;0,004882812500000000
42;65-79;2022;0,003472222222222222
42;65-79;2023;0,003218020917135961
42;65-79;2024;0,003961965134706815
42;65-79;2025;0,002493765586034913
42;80+;2017;0,002144388849177984
42;80+;2018;0,003005259203606311
42;80+;2019;0,003591954022988506
42;80+;2020;0,001719197707736390
42;80+;2021;0,000805152979066023
42;80+;2022;0,001550988755331524
42;80+;2023;0,001380579843534284
42;80+;2024;0,001870032725572698
42;80+;2025;0,003750000000000000
43;0-1;2018;0,000394944707740916
43;0-1;2019;0,001563721657544957
43;2-4;2017;0,002304147465437788
43;5-17;2019;0,002044989775051125
43;5-17;2024;0,001132502831257078
43;18-64;2017;0,000841042893187553
43;18-64;2018;0,000679809653297077
43;18-64;2019;0,001659751037344398
43;18-64;2021;0,000358166189111748
43;18-64;2022;0,000546597430992074
43;18-64;2023;0,001373626373626374
43;18-64;2024;0,000897666068222621
43;18-64;2025;0,001028806584362140
43;65-79;2017;0,001261034047919294
43;65-79;2020;0,000874125874125874
43;65-79;2022;0,001736111111111111
43;80+;2021;0,000805152979066023
43;80+;2022;0,000387747188832881
43;80+;2023;0,000920386562356190
43;80+;2024;0,000467508181393174
44;0-1;2018;0,000394944707740916
44;0-1;2020;0,000727802037845706
44;0-1;2021;0,000328299409061064
44;0-1;2024;0,000390930414386239
44;18-64;2018;0,000679809653297077
44;18-64;2021;0,000358166189111748
44;18-64;2022;0,000273298715496037
44;18-64;2023;0,000457875457875458
44;18-64;2024;0,000448833034111311
44;65-79;2022;0,000578703703703704
45;0-1;2021;0,000328299409061064
45;18-64;2016;0,002032520325203252
45;18-64;2020;0,000690607734806630
45;65-79;2017;0,001261034047919294
45;65-79;2023;0,000804505229283990
46;0-1;2021;0,000656598818122127
46;0-1;2022;0,000283929585462805
46;0-1;2024;0,000390930414386239
46;2-4;2017;0,002304147465437788
46;18-64;2017;0,000841042893187553
47;5-17;2022;0,001144164759725400
47;18-64;2017;0,000841042893187553
47;80+;2025;0,001250000000000000
48;18-64;2019;0,000829875518672199
48;65-79;2022;0,000578703703703704
49;0-1;2020;0,000727802037845706
49;0-1;2021;0,000328299409061064
49;2-4;2019;0,001715265866209262
49;18-64;2019;0,000829875518672199
49;18-64;2021;0,000358166189111748
49;18-64;2022;0,000273298715496037
49;65-79;2018;0,001206272617611580
49;65-79;2021;0,000976562500000000
49;65-79;2022;0,000578703703703704
49;80+;2022;0,000387747188832881
50;18-64;2018;0,000679809653297077
51;0-1;2019;0,000390930414386239
51;0-1;2023;0,000777000777000777
51;2-4;2019;0,001715265866209262
51;2-4;2021;0,002100840336134454
51;2-4;2022;0,001209189842805320
51;2-4;2023;0,001897533206831120
51;5-17;2019;0,002044989775051125
51;18-64;2022;0,000273298715496037
51;65-79;2022;0,000578703703703704
53;80+;2022;0,000387747188832881
54;0-1;2021;0,000328299409061064
54;0-1;2023;0,000388500388500389
54;0-1;2025;0,001245330012453300
54;18-64;2017;0,000841042893187553
54;18-64;2020;0,000345303867403315
54;18-64;2023;0,000457875457875458
54;80+;2025;0,001250000000000000
55;0-1;2023;0,000388500388500389
55;18-64;2019;0,000829875518672199
56;0-1;2021;0,000328299409061064
56;2-4;2020;0,001862197392923650
56;18-64;2018;0,000679809653297077
56;18-64;2020;0,000345303867403315
56;18-64;2022;0,000546597430992074
56;18-64;2023;0,000457875457875458
56;18-64;2025;0,001028806584362140
57;0-1;2024;0,000390930414386239
57;2-4;2022;0,001209189842805320
57;18-64;2020;0,000345303867403315
57;18-64;2021;0,000358166189111748
57;18-64;2022;0,000819896146488112
57;18-64;2023;0,000457875457875458
57;65-79;2023;0,000804505229283990
57;80+;2018;0,000751314800901578
58;0-1;2021;0,000328299409061064
58;18-64;2018;0,000679809653297077
58;18-64;2023;0,000457875457875458
58;65-79;2021;0,000976562500000000
58;80+;2019;0,000718390804597701
58;80+;2021;0,000805152979066023
58;80+;2023;0,000920386562356190
58;80+;2024;0,000467508181393174
59;0-1;2017;0,001374885426214482
59;0-1;2019;0,000390930414386239
59;0-1;2021;0,000328299409061064
59;0-1;2022;0,000283929585462805
59;0-1;2023;0,000388500388500389
59;0-1;2025;0,001245330012453300
59;2-4;2018;0,001557632398753894
59;2-4;2021;0,002100840336134454
59;2-4;2022;0,001209189842805320
59;5-17;2018;0,002061855670103093
59;5-17;2024;0,001132502831257078
59;18-64;2016;0,002032520325203252
59;18-64;2019;0,000829875518672199
59;18-64;2020;0,000345303867403315
59;18-64;2022;0,001366493577480186
59;18-64;2023;0,000457875457875458
59;18-64;2024;0,001346499102333932
59;65-79;2018;0,001206272617611580
59;65-79;2024;0,000792393026941363
59;65-79;2025;0,002493765586034913
59;80+;2023;0,000460193281178095
60;18-64;2021;0,000716332378223496
60;18-64;2022;0,000546597430992074
61;18-64;2020;0,000345303867403315
61;18-64;2022;0,000273298715496037
61;65-79;2025;0,002493765586034913
61;80+;2023;0,000460193281178095
62;0-1;2017;0,000458295142071494
62;0-1;2019;0,000390930414386239
62;0-1;2022;0,000283929585462805
62;18-64;2018;0,000679809653297077
62;65-79;2017;0,001261034047919294
63;0-1;2016;0,002583979328165375
63;0-1;2018;0,000394944707740916
63;0-1;2019;0,000390930414386239
63;0-1;2021;0,000328299409061064
63;0-1;2022;0,000283929585462805
63;0-1;2023;0,000388500388500389
63;2-4;2017;0,002304147465437788
63;2-4;2018;0,001557632398753894
63;2-4;2020;0,001862197392923650
63;2-4;2023;0,001897533206831120
63;2-4;2025;0,003846153846153846
63;5-17;2020;0,001522070015220700
63;5-17;2021;0,003937007874015748
63;5-17;2024;0,001132502831257078
63;18-64;2017;0,000841042893187553
63;18-64;2018;0,000679809653297077
63;18-64;2019;0,000829875518672199
63;18-64;2020;0,000690607734806630
63;18-64;2021;0,000716332378223496
63;18-64;2022;0,001093194861984149
63;18-64;2023;0,000915750915750916
63;18-64;2024;0,000448833034111311
63;65-79;2018;0,001206272617611580
63;65-79;2019;0,001283697047496791
63;65-79;2020;0,000874125874125874
63;65-79;2021;0,001953125000000000
63;65-79;2022;0,001736111111111111
63;65-79;2024;0,001584786053882726
63;80+;2019;0,000718390804597701
63;80+;2020;0,000573065902578797
63;80+;2024;0,000935016362786349
64;0-1;2018;0,000394944707740916
64;0-1;2019;0,000390930414386239
64;0-1;2020;0,000727802037845706
64;0-1;2022;0,000283929585462805
64;5-17;2024;0,001132502831257078
64;18-64;2017;0,000841042893187553
64;18-64;2024;0,000448833034111311
64;80+;2023;0,000460193281178095
65;5-17;2017;0,003731343283582089
65;18-64;2017;0,000841042893187553
65;80+;2019;0,000718390804597701
66;0-1;2018;0,000394944707740916
66;0-1;2019;0,000390930414386239
66;0-1;2020;0,000727802037845706
66;0-1;2021;0,000656598818122127
66;0-1;2023;0,000388500388500389
66;0-1;2025;0,001245330012453300
66;5-17;2016;0,005405405405405406
66;18-64;2022;0,000273298715496037
66;18-64;2023;0,000457875457875458
66;65-79;2023;0,000804505229283990
66;80+;2021;0,000805152979066023
67;0-1;2019;0,000781860828772478
67;0-1;2020;0,000727802037845706
67;0-1;2022;0,000567859170925610
67;0-1;2024;0,000390930414386239
67;2-4;2017;0,002304147465437788
67;5-17;2017;0,007462686567164179
67;5-17;2022;0,001144164759725400
67;18-64;2017;0,000841042893187553
67;18-64;2018;0,000679809653297077
67;18-64;2019;0,000829875518672199
67;18-64;2020;0,000345303867403315
67;18-64;2021;0,000358166189111748
67;18-64;2022;0,000273298715496037
67;65-79;2016;0,003448275862068965
67;65-79;2023;0,000804505229283990
68;2-4;2023;0,001897533206831120
68;18-64;2020;0,000345303867403315
68;65-79;2019;0,001283697047496791
68;65-79;2023;0,000804505229283990
69;0-1;2016;0,859603789836347998
69;0-1;2017;0,870760769935838730
69;0-1;2018;0,877962085308056861
69;0-1;2019;0,868256450351837405
69;0-1;2020;0,867540029112081501
69;0-1;2021;0,881483913328956037
69;0-1;2022;0,874787052810902854
69;0-1;2023;0,872571872571872520
69;0-1;2024;0,874120406567631014
69;0-1;2025;0,879202988792029849
69;2-4;2016;0,888888888888888840
69;2-4;2017;0,864055299539170485
69;2-4;2018;0,876947040498442409
69;2-4;2019;0,849056603773584939
69;2-4;2020;0,884543761638733717
69;2-4;2021;0,899159663865546244
69;2-4;2022;0,873035066505441382
69;2-4;2023;0,872865275142315045
69;2-4;2024;0,886164623467600721
69;2-4;2025;0,873076923076923084
69;5-17;2016;0,854054054054054101
69;5-17;2017;0,876865671641791078
69;5-17;2018;0,870103092783505172
69;5-17;2019;0,860940695296523506
69;5-17;2020;0,881278538812785395
69;5-17;2021;0,885826771653543288
69;5-17;2022;0,898169336384439410
69;5-17;2023;0,876373626373626369
69;5-17;2024;0,884484711211778074
69;5-17;2025;0,908396946564885455
69;18-64;2016;0,912601626016260159
69;18-64;2017;0,863751051303616513
69;18-64;2018;0,868796736913664214
69;18-64;2019;0,879668049792531104
69;18-64;2020;0,885704419889502770
69;18-64;2021;0,896131805157593164
69;18-64;2022;0,867450122984421923
69;18-64;2023;0,885989010989010950
69;18-64;2024;0,882854578096947895
69;18-64;2025;0,890946502057613166
69;65-79;2016;0,858620689655172464
69;65-79;2017;0,887767969735182905
69;65-79;2018;0,892641737032569327
69;65-79;2019;0,899871630295250302
69;65-79;2020;0,902972027972028024
69;65-79;2021;0,884765625000000000
69;65-79;2022;0,877314814814814770
69;65-79;2023;0,888978278358809382
69;65-79;2024;0,876386687797147346
69;65-79;2025;0,842892768079800514
69;80+;2016;0,938247011952191290
69;80+;2017;0,917798427448177301
69;80+;2018;0,910593538692712201
69;80+;2019;0,921695402298850608
69;80+;2020;0,926074498567335258
69;80+;2021;0,906602254428341414
69;80+;2022;0,920511826289259427
69;80+;2023;0,916705016106764803
69;80+;2024;0,907433380084151420
69;80+;2025;0,893750000000000044
70;0-1;2024;0,000390930414386239
70;2-4;2017;0,002304147465437788
70;18-64;2020;0,000690607734806630
70;18-64;2021;0,000358166189111748
71;0-1;2016;0,007751937984496124
71;0-1;2017;0,001833180568285976
71;0-1;2018;0,001579778830963665
71;0-1;2019;0,000390930414386239
71;0-1;2020;0,002183406113537118
71;0-1;2021;0,002298095863427446
71;0-1;2022;0,000567859170925610
71;0-1;2024;0,000781860828772478
71;0-1;2025;0,001245330012453300
71;2-4;2017;0,002304147465437788
71;2-4;2018;0,001557632398753894
71;2-4;2019;0,001715265866209262
71;2-4;2020;0,001862197392923650
71;2-4;2021;0,004201680672268907
71;2-4;2022;0,002418379685610641
71;2-4;2025;0,003846153846153846
71;5-17;2017;0,003731343283582089
71;5-17;2018;0,008247422680412371
71;5-17;2020;0,003044140030441400
71;5-17;2021;0,003937007874015748
71;5-17;2022;0,002288329519450801
71;5-17;2023;0,004120879120879121
71;5-17;2024;0,001132502831257078
71;18-64;2017;0,003364171572750210
71;18-64;2018;0,002719238613188307
71;18-64;2019;0,005809128630705394
71;18-64;2020;0,000690607734806630
71;18-64;2021;0,001790830945558739
71;18-64;2022;0,001639792292976223
71;18-64;2023;0,002747252747252747
71;18-64;2024;0,003590664272890485
71;18-64;2025;0,001028806584362140
71;65-79;2016;0,003448275862068965
71;65-79;2017;0,003783102143757881
71;65-79;2018;0,001206272617611580
71;65-79;2019;0,001283697047496791
71;65-79;2020;0,001748251748251748
71;65-79;2021;0,002929687500000000
71;65-79;2022;0,004050925925925926
71;65-79;2023;0,001609010458567981
71;65-79;2024;0,002377179080824089
71;65-79;2025;0,002493765586034913
71;80+;2016;0,001992031872509960
71;80+;2017;0,001429592566118656
71;80+;2018;0,003005259203606311
71;80+;2019;0,000718390804597701
71;80+;2020;0,000573065902578797
71;80+;2021;0,000805152979066023
71;80+;2022;0,001550988755331524
71;80+;2023;0,000460193281178095
71;80+;2025;0,002500000000000000
72;0-1;2019;0,000390930414386239
72;18-64;2018;0,000679809653297077
73;0-1;2016;0,000861326442721792
73;0-1;2017;0,001374885426214482
73;0-1;2018;0,000789889415481833
73;0-1;2019;0,000781860828772478
73;0-1;2021;0,000656598818122127
73;0-1;2022;0,000283929585462805
73;0-1;2023;0,000388500388500389
73;0-1;2024;0,000390930414386239
73;2-4;2019;0,001715265866209262
73;2-4;2022;0,001209189842805320
73;2-4;2024;0,003502626970227671
73;5-17;2018;0,004123711340206186
73;5-17;2019;0,002044989775051125
73;5-17;2020;0,003044140030441400
73;5-17;2022;0,002288329519450801
73;18-64;2016;0,002032520325203252
73;18-64;2017;0,001682085786375105
73;18-64;2018;0,000679809653297077
73;18-64;2020;0,000690607734806630
73;18-64;2021;0,001074498567335244
73;18-64;2022;0,001639792292976223
73;18-64;2023;0,001831501831501832
73;18-64;2024;0,002692998204667864
73;18-64;2025;0,001028806584362140
73;65-79;2017;0,001261034047919294
73;65-79;2019;0,001283697047496791
73;65-79;2020;0,001748251748251748
73;65-79;2021;0,000976562500000000
73;80+;2021;0,001610305958132045
73;80+;2022;0,000387747188832881
73;80+;2023;0,001380579843534284
73;80+;2024;0,000467508181393174
74;0-1;2016;0,000861326442721792
74;0-1;2017;0,003208065994500459
74;0-1;2018;0,001974723538704581
74;0-1;2019;0,003909304143862392
74;0-1;2020;0,002183406113537118
74;0-1;2021;0,001969796454366382
74;0-1;2022;0,000851788756388416
74;0-1;2023;0,000777000777000777
74;0-1;2024;0,001563721657544957
74;2-4;2017;0,004608294930875576
74;2-4;2018;0,003115264797507788
74;2-4;2022;0,007255139056831923
74;2-4;2023;0,001897533206831120
74;2-4;2024;0,001751313485113835
74;5-17;2018;0,002061855670103093
74;5-17;2019;0,002044989775051125
74;5-17;2020;0,001522070015220700
74;5-17;2022;0,003432494279176201
74;5-17;2024;0,002265005662514156
74;18-64;2016;0,004065040650406504
74;18-64;2017;0,002523128679562658
74;18-64;2018;0,003399048266485384
74;18-64;2019;0,000829875518672199
74;18-64;2020;0,001035911602209945
74;18-64;2021;0,001432664756446991
74;18-64;2022;0,001913091008472260
74;18-64;2023;0,001373626373626374
74;18-64;2024;0,002244165170556553
74;18-64;2025;0,004115226337448560
74;65-79;2017;0,001261034047919294
74;65-79;2019;0,001283697047496791
74;65-79;2021;0,000976562500000000
74;65-79;2022;0,001736111111111111
74;65-79;2023;0,000804505229283990
74;65-79;2024;0,000792393026941363
74;80+;2017;0,000714796283059328
74;80+;2022;0,000387747188832881
74;80+;2023;0,000460193281178095
74;80+;2024;0,000467508181393174
75;0-1;2016;0,000861326442721792
75;0-1;2017;0,001833180568285976
75;0-1;2018;0,002764612954186414
75;0-1;2019;0,002736512900703675
75;0-1;2020;0,000727802037845706
75;0-1;2021;0,001641497045305319
75;0-1;2022;0,000567859170925610
75;0-1;2023;0,001942501942501943
75;0-1;2024;0,001954652071931196
75;0-1;2025;0,001245330012453300
75;2-4;2017;0,002304147465437788
75;2-4;2018;0,001557632398753894
75;2-4;2023;0,001897533206831120
75;2-4;2024;0,001751313485113835
75;2-4;2025;0,003846153846153846
75;5-17;2017;0,003731343283582089
75;5-17;2018;0,002061855670103093
75;5-17;2024;0,001132502831257078
75;18-64;2017;0,001682085786375105
75;18-64;2018;0,002719238613188307
75;18-64;2019;0,001659751037344398
75;18-64;2020;0,000690607734806630
75;18-64;2021;0,000358166189111748
75;18-64;2022;0,002459688439464335
75;18-64;2024;0,000897666068222621
75;18-64;2025;0,002057613168724280
75;65-79;2019;0,001283697047496791
75;65-79;2021;0,000976562500000000
75;65-79;2022;0,000578703703703704
75;80+;2017;0,000714796283059328
75;80+;2019;0,000718390804597701
75;80+;2020;0,001146131805157593
75;80+;2022;0,000387747188832881
75;80+;2024;0,000467508181393174
75;80+;2025;0,001250000000000000
76;0-1;2018;0,000394944707740916
76;0-1;2023;0,001165501165501166
76;0-1;2024;0,000390930414386239
76;2-4;2020;0,001862197392923650
76;5-17;2023;0,001373626373626374
76;18-64;2018;0,000679809653297077
76;18-64;2022;0,000273298715496037
76;18-64;2024;0,000448833034111311
76;18-64;2025;0,001028806584362140
76;65-79;2017;0,001261034047919294
76;65-79;2022;0,000578703703703704
76;65-79;2023;0,000804505229283990
77;0-1;2016;0,000861326442721792
77;0-1;2018;0,000394944707740916
77;0-1;2019;0,000781860828772478
77;0-1;2021;0,000328299409061064
77;0-1;2022;0,000283929585462805
77;0-1;2023;0,000388500388500389
77;0-1;2025;0,001245330012453300
77;5-17;2024;0,001132502831257078
77;18-64;2017;0,000841042893187553
77;18-64;2022;0,000546597430992074
77;65-79;2017;0,001261034047919294
77;80+;2017;0,001429592566118656
77;80+;2023;0,000460193281178095
77;80+;2024;0,000467508181393174
78;0-1;2016;0,001722652885443583
78;0-1;2017;0,000458295142071494
78;0-1;2019;0,000781860828772478
78;0-1;2022;0,000851788756388416
78;0-1;2023;0,000388500388500389
78;2-4;2021;0,002100840336134454
78;2-4;2022;0,001209189842805320
78;5-17;2017;0,003731343283582089
78;18-64;2017;0,001682085786375105
78;18-64;2021;0,000358166189111748
78;18-64;2022;0,000546597430992074
78;18-64;2023;0,000915750915750916
78;18-64;2024;0,001795332136445242
78;80+;2017;0,000714796283059328
78;80+;2023;0,000460193281178095
79;0-1;2022;0,000283929585462805
79;5-17;2023;0,001373626373626374
79;18-64;2022;0,000273298715496037
80;65-79;2019;0,001283697047496791
81;0-1;2018;0,000394944707740916
81;0-1;2022;0,000283929585462805
81;0-1;2024;0,000390930414386239
81;5-17;2017;0,003731343283582089
81;18-64;2018;0,000679809653297077
81;80+;2018;0,000751314800901578
82;18-64;2020;0,000345303867403315
82;18-64;2022;0,000273298715496037
83;0-1;2016;0,000861326442721792
83;0-1;2017;0,000458295142071494
83;0-1;2018;0,000789889415481833
83;0-1;2019;0,000390930414386239
83;0-1;2022;0,000567859170925610
83;0-1;2023;0,000777000777000777
83;0-1;2024;0,001563721657544957
83;0-1;2025;0,001245330012453300
83;5-17;2023;0,001373626373626374
83;5-17;2024;0,002265005662514156
83;18-64;2017;0,000841042893187553
83;18-64;2020;0,000345303867403315
83;18-64;2021;0,001074498567335244
83;18-64;2022;0,000273298715496037
83;18-64;2023;0,000457875457875458
83;65-79;2019;0,002567394094993581
83;65-79;2020;0,000874125874125874
83;80+;2018;0,000751314800901578
83;80+;2022;0,000387747188832881
83;80+;2023;0,000460193281178095
84;0-1;2016;0,002583979328165375
84;0-1;2018;0,000789889415481833
84;0-1;2019;0,000781860828772478
84;0-1;2020;0,000727802037845706
84;0-1;2021;0,000656598818122127
84;0-1;2024;0,000390930414386239
84;2-4;2016;0,004444444444444444
84;2-4;2021;0,002100840336134454
84;2-4;2023;0,001897533206831120
84;5-17;2022;0,001144164759725400
84;18-64;2016;0,002032520325203252
84;18-64;2017;0,000841042893187553
84;18-64;2018;0,000679809653297077
84;18-64;2019;0,000829875518672199
84;18-64;2020;0,000345303867403315
84;18-64;2021;0,000358166189111748
84;18-64;2022;0,000819896146488112
84;18-64;2023;0,000457875457875458
84;65-79;2016;0,006896551724137931
84;65-79;2019;0,001283697047496791
84;65-79;2020;0,000874125874125874
84;65-79;2021;0,000976562500000000
84;65-79;2023;0,000804505229283990
85;0-1;2022;0,000283929585462805
85;0-1;2023;0,000388500388500389
85;2-4;2023;0,001897533206831120
85;18-64;2020;0,000345303867403315
85;65-79;2023;0,000804505229283990
86;0-1;2021;0,001641497045305319
86;0-1;2022;0,000851788756388416
86;0-1;2024;0,000390930414386239
86;2-4;2020;0,001862197392923650
86;5-17;2020;0,001522070015220700
87;0-1;2025;0,001245330012453300
87;18-64;2016;0,002032520325203252
87;18-64;2022;0,000273298715496037
87;18-64;2023;0,000457875457875458
87;65-79;2016;0,003448275862068965
88;0-1;2024;0,000390930414386239
88;18-64;2020;0,000345303867403315
88;18-64;2022;0,000273298715496037
89;0-1;2018;0,000394944707740916
89;0-1;2022;0,000283929585462805
89;18-64;2021;0,000358166189111748
89;18-64;2024;0,000448833034111311
89;65-79;2023;0,000804505229283990
89;80+;2019;0,000718390804597701
90;5-17;2022;0,001144164759725400
91;0-1;2018;0,000394944707740916
91;0-1;2019;0,000390930414386239
91;0-1;2020;0,000727802037845706
91;0-1;2021;0,000328299409061064
91;0-1;2022;0,000283929585462805
91;0-1;2024;0,000390930414386239
91;0-1;2025;0,001245330012453300
91;2-4;2021;0,002100840336134454
91;5-17;2018;0,002061855670103093
91;5-17;2024;0,001132502831257078
91;18-64;2021;0,000358166189111748
91;18-64;2022;0,000819896146488112
91;18-64;2023;0,000457875457875458
91;18-64;2024;0,000448833034111311
91;18-64;2025;0,002057613168724280
92;0-1;2016;0,001722652885443583
92;0-1;2017;0,000458295142071494
92;0-1;2018;0,002369668246445498
92;0-1;2019;0,000390930414386239
92;0-1;2021;0,001641497045305319
92;0-1;2022;0,000283929585462805
92;0-1;2023;0,001165501165501166
92;0-1;2024;0,000390930414386239
92;2-4;2024;0,001751313485113835
92;5-17;2018;0,002061855670103093
92;5-17;2020;0,001522070015220700
92;18-64;2016;0,002032520325203252
92;18-64;2018;0,000679809653297077
92;18-64;2019;0,002489626556016597
92;18-64;2020;0,001381215469613260
92;18-64;2021;0,000358166189111748
92;18-64;2022;0,000546597430992074
92;18-64;2023;0,000457875457875458
92;18-64;2024;0,000897666068222621
92;65-79;2022;0,000578703703703704
92;65-79;2025;0,002493765586034913
92;80+;2018;0,000751314800901578
92;80+;2024;0,000467508181393174
92;80+;2025;0,001250000000000000
93;0-1;2016;0,000861326442721792
93;0-1;2017;0,000458295142071494
93;0-1;2018;0,001184834123222749
93;0-1;2019;0,001172791243158718
93;0-1;2021;0,000328299409061064
93;0-1;2022;0,000283929585462805
93;0-1;2024;0,001954652071931196
93;0-1;2025;0,003735990037359901
93;2-4;2018;0,001557632398753894
93;2-4;2019;0,003430531732418525
93;2-4;2023;0,001897533206831120
93;5-17;2019;0,002044989775051125
93;5-17;2020;0,001522070015220700
93;5-17;2021;0,003937007874015748
93;18-64;2018;0,000679809653297077
93;18-64;2019;0,000829875518672199
93;18-64;2020;0,001035911602209945
93;18-64;2021;0,001074498567335244
93;18-64;2022;0,001093194861984149
93;18-64;2023;0,001831501831501832
93;18-64;2024;0,001795332136445242
93;65-79;2022;0,000578703703703704
94;0-1;2018;0,001184834123222749
94;0-1;2019;0,000390930414386239
94;0-1;2021;0,000656598818122127
94;0-1;2022;0,000567859170925610
94;0-1;2023;0,000777000777000777
94;0-1;2024;0,001172791243158718
94;0-1;2025;0,001245330012453300
94;2-4;2017;0,002304147465437788
94;2-4;2019;0,001715265866209262
94;5-17;2016;0,005405405405405406
94;5-17;2019;0,002044989775051125
94;18-64;2017;0,000841042893187553
94;18-64;2020;0,000690607734806630
94;18-64;2021;0,001074498567335244
94;18-64;2022;0,000273298715496037
94;65-79;2021;0,000976562500000000
94;80+;2023;0,000460193281178095
95;0-1;2016;0,001722652885443583
95;0-1;2019;0,000781860828772478
95;0-1;2020;0,000727802037845706
95;0-1;2021;0,001313197636244255
95;0-1;2022;0,000851788756388416
95;0-1;2024;0,000390930414386239
95;0-1;2025;0,001245330012453300
95;5-17;2023;0,002747252747252747
95;18-64;2021;0,000358166189111748
95;18-64;2022;0,000819896146488112
95;18-64;2023;0,000457875457875458
95;18-64;2024;0,001346499102333932
95;18-64;2025;0,001028806584362140
95;65-79;2020;0,000874125874125874
95;65-79;2021;0,000976562500000000
95;80+;2017;0,000714796283059328
95;80+;2022;0,000387747188832881
97;0-1;2018;0,000394944707740916
97;0-1;2019;0,000390930414386239
97;0-1;2023;0,000388500388500389
97;0-1;2024;0,000781860828772478
97;2-4;2022;0,001209189842805320
97;2-4;2024;0,001751313485113835
97;5-17;2022;0,001144164759725400
97;5-17;2023;0,001373626373626374
97;18-64;2017;0,000841042893187553
97;18-64;2018;0,000679809653297077
97;18-64;2019;0,000829875518672199
97;18-64;2020;0,001035911602209945
97;18-64;2021;0,000358166189111748
97;18-64;2022;0,000546597430992074
97;18-64;2023;0,000457875457875458
97;18-64;2024;0,000448833034111311
97;65-79;2017;0,001261034047919294
97;65-79;2018;0,001206272617611580
97;65-79;2022;0,000578703703703704
97;65-79;2023;0,000804505229283990
97;65-79;2024;0,002377179080824089
97;65-79;2025;0,002493765586034913
98;0-1;2021;0,000984898227183191
98;18-64;2022;0,000273298715496037
98;18-64;2024;0,000448833034111311
98;65-79;2018;0,002412545235223160
98;65-79;2025;0,002493765586034913
98;80+;2023;0,000460193281178095
99;0-1;2016;0,001722652885443583
99;0-1;2017;0,001833180568285976
99;0-1;2018;0,001184834123222749
99;0-1;2019;0,003518373729476153
99;0-1;2020;0,001455604075691412
99;0-1;2021;0,002298095863427446
99;0-1;2022;0,001987507098239636
99;0-1;2023;0,004273504273504274
99;0-1;2024;0,001563721657544957
99;0-1;2025;0,002490660024906600
99;2-4;2016;0,008888888888888889
99;2-4;2017;0,004608294930875576
99;2-4;2019;0,001715265866209262
99;2-4;2020;0,001862197392923650
99;2-4;2021;0,002100840336134454
99;2-4;2022;0,002418379685610641
99;2-4;2023;0,007590132827324478
99;2-4;2024;0,007005253940455342
99;2-4;2025;0,003846153846153846
99;5-17;2017;0,003731343283582089
99;5-17;2018;0,004123711340206186
99;5-17;2019;0,002044989775051125
99;5-17;2020;0,001522070015220700
99;5-17;2022;0,003432494279176201
99;5-17;2023;0,001373626373626374
99;5-17;2024;0,007927519818799546
99;18-64;2016;0,008130081300813009
99;18-64;2017;0,019343986543313711
99;18-64;2018;0,015635622025832768
99;18-64;2019;0,011618257261410789
99;18-64;2020;0,006560773480662983
99;18-64;2021;0,004297994269340974
99;18-64;2022;0,007925662749385078
99;18-64;2023;0,008241758241758242
99;18-64;2024;0,009874326750448833
99;18-64;2025;0,014403292181069959
99;65-79;2016;0,010344827586206896
99;65-79;2017;0,011349306431273645
99;65-79;2018;0,013268998793727383
99;65-79;2019;0,010269576379974325
99;65-79;2020;0,001748251748251748
99;65-79;2021;0,000976562500000000
99;65-79;2022;0,006944444444444444
99;65-79;2023;0,008045052292839904
99;65-79;2024;0,007131537242472267
99;65-79;2025;0,007481296758104738
99;80+;2016;0,001992031872509960
99;80+;2017;0,002144388849177984
99;80+;2018;0,000751314800901578
99;80+;2019;0,001436781609195402
99;80+;2021;0,000805152979066023
99;80+;2022;0,001163241566498643
99;80+;2023;0,001380579843534284
99;80+;2024;0,001870032725572698
99;80+;2025;0,003750000000000000
